G_resp_400_5_T_PREM_fd_partial_X_resid,G_resp_400_5_T_PREC_fd_partial_X_resid,G_resp_400_5_ST_PREM_fd_partial_X_resid,G_resp_400_5_ST_PREC_fd_partial_X_resid,G_resp_400_5_CP_fd_partial_X_resid,G_resp_400_5_T_PREM_log_fc_partial_X_resid,G_resp_400_5_T_PREC_log_fc_partial_X_resid,G_resp_400_5_ST_PREM_log_fc_partial_X_resid,G_resp_400_5_ST_PREC_log_fc_partial_X_resid,G_resp_400_5_CP_log_fc_partial_X_resid,G_resp_400_5_T_PREM_fdc_partial_X_resid,G_resp_400_5_T_PREC_fdc_partial_X_resid,G_resp_400_5_ST_PREM_fdc_partial_X_resid,G_resp_400_5_ST_PREC_fdc_partial_X_resid,G_resp_400_5_CP_fdc_partial_X_resid,entropy_diff_norm_q_avg_400_5_T_PREM_fd_partial_X_resid,entropy_diff_norm_q_avg_400_5_T_PREC_fd_partial_X_resid,entropy_diff_norm_q_avg_400_5_ST_PREM_fd_partial_X_resid,entropy_diff_norm_q_avg_400_5_ST_PREC_fd_partial_X_resid,entropy_diff_norm_q_avg_400_5_CP_fd_partial_X_resid,entropy_diff_norm_q_avg_400_5_T_PREM_log_fc_partial_X_resid,entropy_diff_norm_q_avg_400_5_T_PREC_log_fc_partial_X_resid,entropy_diff_norm_q_avg_400_5_ST_PREM_log_fc_partial_X_resid,entropy_diff_norm_q_avg_400_5_ST_PREC_log_fc_partial_X_resid,entropy_diff_norm_q_avg_400_5_CP_log_fc_partial_X_resid,entropy_diff_norm_q_avg_400_5_T_PREM_fdc_partial_X_resid,entropy_diff_norm_q_avg_400_5_T_PREC_fdc_partial_X_resid,entropy_diff_norm_q_avg_400_5_ST_PREM_fdc_partial_X_resid,entropy_diff_norm_q_avg_400_5_ST_PREC_fdc_partial_X_resid,entropy_diff_norm_q_avg_400_5_CP_fdc_partial_X_resid,binary_or_ternary_introduced_400_5_T_PREM_fd_partial_X_resid,binary_or_ternary_introduced_400_5_T_PREC_fd_partial_X_resid,binary_or_ternary_introduced_400_5_ST_PREM_fd_partial_X_resid,binary_or_ternary_introduced_400_5_ST_PREC_fd_partial_X_resid,binary_or_ternary_introduced_400_5_CP_fd_partial_X_resid,binary_or_ternary_introduced_400_5_T_PREM_log_fc_partial_X_resid,binary_or_ternary_introduced_400_5_T_PREC_log_fc_partial_X_resid,binary_or_ternary_introduced_400_5_ST_PREM_log_fc_partial_X_resid,binary_or_ternary_introduced_400_5_ST_PREC_log_fc_partial_X_resid,binary_or_ternary_introduced_400_5_CP_log_fc_partial_X_resid,binary_or_ternary_introduced_400_5_T_PREM_fdc_partial_X_resid,binary_or_ternary_introduced_400_5_T_PREC_fdc_partial_X_resid,binary_or_ternary_introduced_400_5_ST_PREM_fdc_partial_X_resid,binary_or_ternary_introduced_400_5_ST_PREC_fdc_partial_X_resid,binary_or_ternary_introduced_400_5_CP_fdc_partial_X_resid,isochrony_introduced_400_5_T_PREM_fd_partial_X_resid,isochrony_introduced_400_5_T_PREC_fd_partial_X_resid,isochrony_introduced_400_5_ST_PREM_fd_partial_X_resid,isochrony_introduced_400_5_ST_PREC_fd_partial_X_resid,isochrony_introduced_400_5_CP_fd_partial_X_resid,isochrony_introduced_400_5_T_PREM_log_fc_partial_X_resid,isochrony_introduced_400_5_T_PREC_log_fc_partial_X_resid,isochrony_introduced_400_5_ST_PREM_log_fc_partial_X_resid,isochrony_introduced_400_5_ST_PREC_log_fc_partial_X_resid,isochrony_introduced_400_5_CP_log_fc_partial_X_resid,isochrony_introduced_400_5_T_PREM_fdc_partial_X_resid,isochrony_introduced_400_5_T_PREC_fdc_partial_X_resid,isochrony_introduced_400_5_ST_PREM_fdc_partial_X_resid,isochrony_introduced_400_5_ST_PREC_fdc_partial_X_resid,isochrony_introduced_400_5_CP_fdc_partial_X_resid
-0.026598804408275542,-0.02659880440827543,-0.026598804408275552,-0.026598804408275407,-0.026598804408275528,-0.0121191134407538,-0.012119113440755034,-0.012119113440756646,-0.01211911344075649,-0.012119113440756142,-0.012119113440756524,-0.012119113440752938,-0.01211911344075656,-0.012119113440767177,-0.012119113440760072,0.0011264796685281925,0.001126479668528111,0.0011264796685282585,0.0011264796685280729,0.0011264796685282984,-0.03785160966982794,-0.03785160966982827,-0.037851609669826675,-0.03785160966982617,-0.0378516096698253,-0.037851609669826154,-0.037851609669829665,-0.037851609669825426,-0.03785160966981635,-0.0378516096698376,-1.2318301890045833,-1.2318301890045846,-1.2318301890045829,-1.231830189004582,-1.2318301890045849,-0.581009464895782,-0.5810094648957924,-0.5810094648958248,-0.5810094648958306,-0.5810094648958611,-0.5810094648958386,-0.5810094648958031,-0.5810094648958348,-0.5810094648957511,-0.5810094648953366,0.09839264175366952,0.09839264175367257,0.09839264175366862,0.09839264175367152,0.09839264175366841,0.18983120942202675,0.18983120942203063,0.18983120942204143,0.1898312094220338,0.1898312094220424,0.18983120942203463,0.18983120942206594,0.18983120942202625,0.18983120942184406,0.18983120942194792
-0.003445320412963682,-0.003445320412963547,-0.003445320412963692,-0.003445320412963546,-0.0034453204129636533,-0.002261578526562856,-0.002261578526563696,-0.002261578526565505,-0.0022615785265648696,-0.002261578526564935,-0.0022615785265652864,-0.0022615785265617,-0.002261578526565185,-0.0022615785265759553,-0.00226157852656875,0.007984492958581172,0.007984492958581066,0.007984492958581224,0.00798449295858108,0.007984492958581281,0.004797961070218697,0.004797961070218686,0.004797961070219889,0.004797961070220938,0.004797961070221509,0.004797961070220527,0.004797961070216586,0.004797961070221582,0.004797961070230904,0.00479796107020917,-1.319627904578252,-1.319627904578253,-1.3196279045782513,-1.3196279045782506,-1.319627904578253,-1.266422090076205,-1.2664220900762146,-1.26642209007625,-1.2664220900762593,-1.266422090076287,-1.266422090076262,-1.266422090076227,-1.266422090076266,-1.2664220900761813,-1.2664220900757701,0.5099980449686616,0.5099980449686651,0.5099980449686606,0.5099980449686627,0.5099980449686599,0.5174733193252775,0.5174733193252802,0.5174733193252917,0.5174733193252837,0.517473319325293,0.5174733193252824,0.5174733193253143,0.5174733193252777,0.5174733193250951,0.517473319325202
-0.024033965738483435,-0.02403396573848333,-0.024033965738483452,-0.02403396573848331,-0.024033965738483452,-0.022526475529549964,-0.022526475529550935,-0.02252647552955277,-0.02252647552955239,-0.02252647552955242,-0.02252647552955278,-0.0225264755295492,-0.02252647552955288,-0.022526475529563387,-0.022526475529556323,0.09381523814182614,0.0938152381418261,0.09381523814182623,0.09381523814182607,0.0938152381418263,0.08975720346606945,0.08975720346606926,0.08975720346607033,0.08975720346607116,0.08975720346607188,0.08975720346607155,0.08975720346606726,0.08975720346607219,0.08975720346608086,0.08975720346605946,2.174474638711197,2.174474638711195,2.1744746387111973,2.1744746387111977,2.1744746387111955,2.24223201499533,2.242232014995325,2.2422320149952863,2.24223201499528,2.2422320149952513,2.242232014995274,2.2422320149953077,2.242232014995278,2.2422320149953565,2.242232014995768,-0.6095482921260913,-0.6095482921260887,-0.6095482921260927,-0.6095482921260897,-0.6095482921260933,-0.600028562334357,-0.6000285623343546,-0.6000285623343422,-0.6000285623343511,-0.6000285623343415,-0.6000285623343502,-0.6000285623343197,-0.6000285623343553,-0.600028562334538,-0.6000285623344325
0.03593849959172447,0.03593849959172458,0.03593849959172445,0.035938499591724606,0.035938499591724474,0.04345294324003887,0.04345294324003804,0.0434529432400362,0.04345294324003673,0.04345294324003684,0.04345294324003643,0.04345294324003984,0.04345294324003652,0.04345294324002555,0.043452943240032973,-0.012781773331471784,-0.01278177333147188,-0.012781773331471756,-0.012781773331471912,-0.012781773331471706,-0.033010012767589546,-0.03301001276758987,-0.0330100127675885,-0.03301001276758741,-0.033010012767587,-0.03301001276758728,-0.03301001276759128,-0.03301001276758681,-0.0330100127675778,-0.033010012767599094,-1.6650939540045833,-1.6650939540045848,-1.6650939540045828,-1.665093954004582,-1.6650939540045848,-1.3273411892915652,-1.327341189291571,-1.3273411892916114,-1.327341189291614,-1.3273411892916434,-1.3273411892916187,-1.3273411892915845,-1.327341189291621,-1.327341189291531,-1.327341189291124,0.7423997973887326,0.742399797388736,0.7423997973887319,0.7423997973887346,0.7423997973887315,0.7898531557212768,0.7898531557212797,0.7898531557212914,0.7898531557212827,0.7898531557212919,0.7898531557212811,0.789853155721313,0.7898531557212763,0.7898531557210942,0.7898531557211995
0.00679667025682841,0.006796670256828551,0.00679667025682841,0.00679667025682855,0.0067966702568284226,0.0038655625241418813,0.003865562524140759,0.003865562524139058,0.0038655625241394032,0.0038655625241396816,0.003865562524139273,0.003865562524142753,0.0038655625241392176,0.003865562524128452,0.0038655625241358384,0.09216659843187919,0.09216659843187908,0.09216659843187922,0.09216659843187909,0.0921665984318793,0.1000568896902585,0.10005688969025821,0.10005688969026003,0.10005688969026108,0.10005688969026143,0.10005688969026022,0.10005688969025703,0.10005688969026134,0.10005688969027036,0.10005688969024915,0.1739264257257623,0.17392642572576109,0.1739264257257631,0.1739264257257636,0.17392642572576106,0.042181510636930424,0.042181510636924296,0.04218151063688702,0.04218151063688319,0.04218151063684972,0.04218151063687279,0.042181510636906935,0.04218151063687495,0.04218151063695946,0.04218151063736539,-2.0309474244692396,-2.030947424469236,-2.0309474244692405,-2.0309474244692383,-2.030947424469242,-2.049457231989309,-2.049457231989305,-2.0494572319892943,-2.049457231989302,-2.0494572319892925,-2.049457231989303,-2.0494572319892725,-2.0494572319893103,-2.049457231989491,-2.049457231989386
-0.023373861408275548,-0.023373861408275423,-0.023373861408275555,-0.02337386140827541,-0.023373861408275534,-0.02267705302911627,-0.022677053029117433,-0.022677053029118915,-0.022677053029118762,-0.022677053029118557,-0.02267705302911895,-0.02267705302911544,-0.022677053029118883,-0.022677053029129396,-0.02267705302912242,-0.0844274123314718,-0.08442741233147188,-0.08442741233147175,-0.08442741233147191,-0.0844274123314717,-0.08630316087579154,-0.08630316087579203,-0.08630316087579024,-0.08630316087578913,-0.08630316087578886,-0.08630316087579018,-0.08630316087579351,-0.08630316087578918,-0.08630316087578017,-0.08630316087580117,0.29606294490017837,0.29606294490017687,0.2960629449001788,0.29606294490017954,0.2960629449001768,0.3273824899723903,0.3273824899723811,0.32738248997233954,0.32738248997234126,0.3273824899723067,0.3273824899723289,0.32738248997236896,0.32738248997233077,0.3273824899724147,0.32738248997282426,1.1050371600260942,1.105037160026097,1.1050371600260933,1.1050371600260962,1.1050371600260929,1.1094374721786273,1.1094374721786304,1.109437472178642,1.1094374721786335,1.1094374721786426,1.1094374721786329,1.1094374721786657,1.1094374721786278,1.1094374721784472,1.1094374721785518
-0.020681530073379476,-0.02068153007337935,-0.020681530073379497,-0.020681530073379355,-0.02068153007337947,-0.02323882483080731,-0.023238824830808337,-0.023238824830810387,-0.02323882483080992,-0.02323882483080971,-0.023238824830810172,-0.02323882483080668,-0.02323882483081014,-0.02323882483082047,-0.023238824830813607,0.05425031290517715,0.054250312905177046,0.054250312905177234,0.05425031290517707,0.054250312905177296,0.0611343316140839,0.06113433161408368,0.06113433161408515,0.061134331614086275,0.0611343316140863,0.06113433161408571,0.06113433161408198,0.0611343316140865,0.061134331614095705,0.06113433161407426,-1.1638705260836304,-1.1638705260836317,-1.1638705260836302,-1.1638705260836295,-1.1638705260836322,-1.2788136163417585,-1.278813616341763,-1.2788136163418007,-1.278813616341805,-1.2788136163418375,-1.2788136163418136,-1.2788136163417816,-1.278813616341814,-1.2788136163417334,-1.2788136163413226,-0.09511270890714066,-0.09511270890713788,-0.09511270890714202,-0.09511270890713924,-0.09511270890714252,-0.11126190506401419,-0.11126190506401146,-0.11126190506399963,-0.1112619050640073,-0.1112619050639978,-0.11126190506400774,-0.11126190506397587,-0.11126190506401368,-0.11126190506419566,-0.11126190506408844
-0.010977580408275544,-0.010977580408275421,-0.010977580408275553,-0.010977580408275404,-0.010977580408275525,-0.017279781678920636,-0.017279781678921337,-0.017279781678923002,-0.017279781678922863,-0.017279781678922683,-0.017279781678923082,-0.01727978167891955,-0.017279781678923137,-0.017279781678933796,-0.017279781678926555,-0.028687755331471814,-0.028687755331471887,-0.028687755331471755,-0.028687755331471908,-0.028687755331471703,-0.011722768667973157,-0.011722768667973477,-0.011722768667972193,-0.01172276866797162,-0.011722768667971001,-0.011722768667971345,-0.011722768667975145,-0.011722768667970672,-0.01172276866796208,-0.011722768667983243,-0.8269529281156945,-0.8269529281156959,-0.826952928115694,-0.8269529281156933,-0.8269529281156959,-1.1102188627023777,-1.1102188627023872,-1.110218862702421,-1.1102188627024285,-1.1102188627024605,-1.1102188627024348,-1.1102188627024012,-1.1102188627024392,-1.1102188627023533,-1.110218862701947,0.9621800171689517,0.9621800171689551,0.962180017168951,0.9621800171689537,0.9621800171689504,0.9223819124553541,0.9223819124553574,0.922381912455369,0.9223819124553605,0.92238191245537,0.922381912455361,0.9223819124553919,0.9223819124553546,0.9223819124551729,0.9223819124552782
-0.02383926874317159,-0.02383926874317145,-0.02383926874317159,-0.02383926874317145,-0.023839268743171584,-0.01258014744299046,-0.01258014744299136,-0.012580147442993465,-0.012580147442993213,-0.012580147442992943,-0.01258014744299319,-0.012580147442989853,-0.012580147442993263,-0.01258014744300373,-0.012580147442996658,-0.09761110856812082,-0.09761110856812094,-0.0976111085681208,-0.09761110856812093,-0.0976111085681207,-0.12791969988365381,-0.12791969988365393,-0.12791969988365257,-0.12791969988365132,-0.12791969988365148,-0.1279196998836519,-0.1279196998836556,-0.12791969988365115,-0.12791969988364194,-0.12791969988366386,-0.30752782264024997,-0.3075278226402512,-0.307527822640249,-0.3075278226402487,-0.3075278226402514,0.19853749973774257,0.19853749973772972,0.19853749973769186,0.19853749973769008,0.19853749973765727,0.1985374997376832,0.19853749973771379,0.19853749973768453,0.19853749973776702,0.1985374997381793,0.8004251241974263,0.8004251241974302,0.8004251241974261,0.8004251241974283,0.800425124197425,0.871525945838026,0.8715259458380309,0.8715259458380412,0.8715259458380327,0.8715259458380428,0.8715259458380314,0.8715259458380638,0.8715259458380267,0.871525945837843,0.8715259458379501
-0.030305646738483433,-0.030305646738483325,-0.03030564673848345,-0.030305646738483315,-0.030305646738483454,-0.033929402643909576,-0.03392940264391076,-0.033929402643912476,-0.03392940264391192,-0.0339294026439119,-0.033929402643912226,-0.03392940264390908,-0.033929402643912206,-0.03392940264392282,-0.03392940264391579,-0.027103330858173864,-0.027103330858173888,-0.027103330858173753,-0.027103330858173916,-0.027103330858173687,-0.017348489975243568,-0.017348489975244272,-0.01734848997524274,-0.01734848997524162,-0.017348489975241382,-0.01734848997524241,-0.017348489975245497,-0.017348489975241386,-0.01734848997523176,-0.017348489975253446,0.6187454720445297,0.6187454720445283,0.6187454720445302,0.6187454720445305,0.6187454720445282,0.45586800127158655,0.45586800127157423,0.45586800127154015,0.4558680012715331,0.45586800127150257,0.4558680012715259,0.45586800127156385,0.45586800127152427,0.45586800127160976,0.45586800127201965,0.3654517078739088,0.3654517078739111,0.3654517078739076,0.36545170787391024,0.36545170787390685,0.34256785970922127,0.34256785970922504,0.3425678597092363,0.3425678597092279,0.3425678597092381,0.3425678597092271,0.34256785970925696,0.3425678597092222,0.34256785970904285,0.3425678597091459
-0.01795869574317159,-0.017958695743171455,-0.01795869574317159,-0.01795869574317145,-0.017958695743171577,-0.025507705131047394,-0.02550770513104833,-0.025507705131050162,-0.025507705131049732,-0.025507705131049826,-0.025507705131050003,-0.025507705131046842,-0.025507705131050173,-0.025507705131060616,-0.02550770513105355,-0.019988062568120815,-0.019988062568120937,-0.0199880625681208,-0.01998806256812091,-0.019988062568120697,0.0003332248817842975,0.0003332248817843782,0.00033322488178555014,0.0003332248817863141,0.00033322488178719764,0.00033322488178649974,0.00033322488178257406,0.0003332248817870245,0.0003332248817960598,0.00033322488177493813,1.0548653397529122,1.0548653397529109,1.0548653397529129,1.0548653397529133,1.0548653397529106,0.7155589438400026,0.7155589438399991,0.7155589438399641,0.7155589438399563,0.7155589438399241,0.7155589438399502,0.715558943839985,0.7155589438399477,0.7155589438400336,0.7155589438404377,0.6568353806076825,0.656835380607686,0.6568353806076818,0.6568353806076841,0.656835380607681,0.6091637412549388,0.6091637412549418,0.6091637412549534,0.609163741254945,0.6091637412549543,0.6091637412549433,0.6091637412549755,0.60916374125494,0.609163741254759,0.6091637412548643
-0.0037416347478597296,-0.003741634747859608,-0.0037416347478597357,-0.003741634747859584,-0.0037416347478597053,-0.010067377753287787,-0.01006737775328893,-0.010067377753290556,-0.010067377753290255,-0.010067377753290151,-0.01006737775329047,-0.010067377753287388,-0.010067377753290505,-0.010067377753301028,-0.01006737775329379,-0.013926662278067829,-0.013926662278067894,-0.01392666227806776,-0.013926662278067908,-0.013926662278067721,0.003101696721457599,0.0031016967214572127,0.0031016967214588156,0.0031016967214599527,0.003101696721460024,0.003101696721459522,0.0031016967214561215,0.0031016967214601713,0.0031016967214689264,0.003101696721447971,0.7499267867153743,0.7499267867153725,0.7499267867153747,0.7499267867153757,0.7499267867153729,0.4656027184355884,0.46560271843558004,0.4656027184355435,0.4656027184355429,0.46560271843550965,0.4656027184355363,0.46560271843557066,0.4656027184355345,0.46560271843561746,0.46560271843602363,-0.25020752008511543,-0.2502075200851124,-0.25020752008511654,-0.25020752008511427,-0.25020752008511726,-0.290154289747008,-0.29015428974700425,-0.2901542897469933,-0.29015428974700075,-0.2901542897469925,-0.29015428974700375,-0.29015428974697005,-0.2901542897470064,-0.29015428974718716,-0.2901542897470819
0.009112081921932365,0.009112081921932488,0.00911208192193236,0.009112081921932505,0.00911208192193237,-0.0026874837676360503,-0.002687483767637189,-0.0026874837676387946,-0.0026874837676383913,-0.002687483767638582,-0.002687483767638748,-0.002687483767635406,-0.0026874837676387226,-0.0026874837676492437,-0.00268748376764222,-0.1316376368047698,-0.1316376368047699,-0.13163763680476978,-0.1316376368047699,-0.1316376368047697,-0.0998742154283374,-0.09987421542833791,-0.09987421542833629,-0.09987421542833588,-0.09987421542833491,-0.09987421542833538,-0.09987421542833955,-0.09987421542833473,-0.09987421542832563,-0.0998742154283473,-1.086774214387029,-1.0867742143870303,-1.086774214387028,-1.0867742143870274,-1.08677421438703,-1.6171309674061771,-1.6171309674061822,-1.6171309674062173,-1.6171309674062253,-1.6171309674062566,-1.6171309674062289,-1.6171309674061949,-1.617130967406231,-1.61713096740615,-1.6171309674057452,1.343846214662754,1.3438462146627568,1.343846214662753,1.3438462146627552,1.343846214662752,1.2693325121131938,1.2693325121131966,1.2693325121132084,1.2693325121132006,1.2693325121132102,1.2693325121131973,1.269332512113232,1.2693325121131944,1.2693325121130168,1.2693325121131187
-0.013487593078067635,-0.013487593078067512,-0.013487593078067638,-0.01348759307806749,-0.013487593078067628,-0.012357128353563417,-0.012357128353564503,-0.012357128353566064,-0.012357128353565932,-0.012357128353565835,-0.012357128353566144,-0.012357128353562702,-0.01235712835356614,-0.01235712835357687,-0.012357128353569547,0.06682261319523018,0.0668226131952301,0.06682261319523022,0.0668226131952301,0.06682261319523031,0.06377949886880117,0.06377949886880085,0.06377949886880227,0.0637794988688036,0.06377949886880376,0.06377949886880306,0.06377949886879941,0.06377949886880388,0.06377949886881337,0.06377949886879171,2.71606394950186,2.7160639495018586,2.716063949501861,2.7160639495018613,2.716063949501859,2.7668751078498515,2.766875107849839,2.766875107849808,2.7668751078498044,2.7668751078497693,2.7668751078497933,2.766875107849831,2.7668751078497973,2.766875107849881,2.766875107850286,-1.1518059592502892,-1.151805959250286,-1.15180595925029,-1.1518059592502878,-1.1518059592502912,-1.14466712766612,-1.1446671276661171,-1.1446671276661058,-1.144667127666114,-1.144667127666105,-1.1446671276661164,-1.1446671276660834,-1.1446671276661209,-1.1446671276663014,-1.144667127666195
0.11218712626151656,0.11218712626151668,0.11218712626151654,0.1121871262615167,0.11218712626151656,0.11336563003974878,0.11336563003974795,0.11336563003974637,0.11336563003974652,0.11336563003974667,0.11336563003974634,0.11336563003974982,0.11336563003974631,0.11336563003973553,0.11336563003974288,-0.16251892885817384,-0.16251892885817387,-0.16251892885817376,-0.16251892885817393,-0.16251892885817368,-0.1656913602074693,-0.16569136020746986,-0.16569136020746814,-0.16569136020746722,-0.1656913602074668,-0.1656913602074676,-0.16569136020747097,-0.16569136020746675,-0.16569136020745767,-0.16569136020747918,3.7631320461186033,3.763132046118602,3.7631320461186037,3.763132046118604,3.7631320461186015,3.8161024226296756,3.8161024226296654,3.8161024226296294,3.816102422629627,3.8161024226295974,3.8161024226296236,3.816102422629653,3.816102422629619,3.816102422629709,3.816102422630114,-1.509548292126091,-1.5095482921260888,-1.5095482921260928,-1.5095482921260899,-1.5095482921260932,-1.5021060961762804,-1.502106096176277,-1.502106096176266,-1.5021060961762742,-1.5021060961762651,-1.5021060961762733,-1.502106096176242,-1.5021060961762813,-1.5021060961764596,-1.502106096176358
-0.01709382641296368,-0.017093826412963545,-0.01709382641296369,-0.017093826412963545,-0.017093826412963652,-0.01149114507075192,-0.0114911450707529,-0.011491145070754369,-0.011491145070754506,-0.011491145070754194,-0.011491145070754414,-0.011491145070751304,-0.011491145070754601,-0.011491145070765143,-0.01149114507075792,0.03594245595858118,0.035942455958581074,0.03594245595858122,0.03594245595858108,0.035942455958581275,0.02086051709808539,0.020860517098084914,0.020860517098086243,0.0208605170980875,0.02086051709808777,0.02086051709808704,0.02086051709808325,0.020860517098088005,0.02086051709809697,0.02086051709807537,0.8201508907260958,0.8201508907260947,0.8201508907260964,0.8201508907260971,0.8201508907260944,1.0719754038505578,1.0719754038505491,1.071975403850516,1.0719754038505096,1.0719754038504758,1.071975403850502,1.0719754038505374,1.0719754038505016,1.0719754038505847,1.0719754038509954,0.34523831962083545,0.34523831962083895,0.34523831962083446,0.34523831962083684,0.34523831962083373,0.38061898887565404,0.3806189888756578,0.38061898887566825,0.38061898887566054,0.38061898887567025,0.38061898887565815,0.3806189888756919,0.3806189888756524,0.3806189888754726,0.3806189888755793
-0.013106526743171589,-0.01310652674317145,-0.013106526743171589,-0.013106526743171448,-0.01310652674317158,-0.01266061624567993,-0.012660616245681114,-0.01266061624568259,-0.012660616245682477,-0.012660616245682196,-0.012660616245682509,-0.012660616245679317,-0.01266061624568262,-0.012660616245693033,-0.012660616245686021,0.045237949431879185,0.04523794943187906,0.045237949431879206,0.04523794943187909,0.045237949431879296,0.04403759652054527,0.04403759652054465,0.044037596520546445,0.04403759652054755,0.0440375965205478,0.04403759652054649,0.044037596520542746,0.04403759652054752,0.04403759652055663,0.04403759652053542,-0.1878229611958059,-0.1878229611958071,-0.187822961195805,-0.18782296119580466,-0.18782296119580746,-0.16778055880506426,-0.1677805588050712,-0.16778055880510806,-0.16778055880511195,-0.16778055880514448,-0.1677805588051173,-0.16778055880508605,-0.16778055880511797,-0.16778055880503662,-0.16778055880462936,-0.8287415424692399,-0.8287415424692364,-0.8287415424692404,-0.8287415424692381,-0.8287415424692415,-0.8259256386429734,-0.825925638642971,-0.8259256386429595,-0.825925638642968,-0.825925638642959,-0.8259256386429672,-0.8259256386429361,-0.8259256386429726,-0.8259256386431556,-0.8259256386430485
-0.022742321073379482,-0.022742321073379354,-0.022742321073379503,-0.022742321073379358,-0.022742321073379475,-0.02493388342168945,-0.02493388342169033,-0.02493388342169204,-0.02493388342169167,-0.024933883421691717,-0.024933883421692102,-0.024933883421688844,-0.024933883421692053,-0.024933883421702805,-0.02493388342169555,0.022684407905177152,0.022684407905177065,0.022684407905177242,0.02268440790517709,0.02268440790517729,0.028583906257363997,0.02858390625736382,0.028583906257365194,0.02858390625736589,0.028583906257366825,0.028583906257366207,0.028583906257361996,0.0285839062573666,0.028583906257376133,0.028583906257354446,2.2069432224475096,2.2069432224475083,2.2069432224475105,2.2069432224475105,2.2069432224475074,2.1084387586674036,2.108438758667395,2.108438758667362,2.1084387586673583,2.1084387586673246,2.108438758667349,2.1084387586673814,2.108438758667345,2.1084387586674302,2.108438758667839,-1.3994605349071407,-1.3994605349071376,-1.3994605349071423,-1.3994605349071394,-1.3994605349071427,-1.4133001480960719,-1.4133001480960694,-1.4133001480960574,-1.413300148096065,-1.4133001480960552,-1.4133001480960679,-1.4133001480960352,-1.4133001480960738,-1.4133001480962515,-1.4133001480961482
-0.029574002073379478,-0.029574002073379353,-0.029574002073379502,-0.029574002073379357,-0.029574002073379475,-0.028407547317103155,-0.028407547317103918,-0.028407547317105594,-0.028407547317105708,-0.0284075473171053,-0.02840754731710576,-0.028407547317102124,-0.02840754731710575,-0.02840754731711612,-0.028407547317109167,0.004275292905177133,0.004275292905177065,0.004275292905177244,0.004275292905177072,0.00427529290517729,0.0011352964921862157,0.0011352964921858607,0.0011352964921874068,0.0011352964921884125,0.0011352964921885482,0.0011352964921879458,0.0011352964921837142,0.0011352964921887195,0.0011352964921980983,0.001135296492176254,0.539164895701792,0.5391648957017906,0.5391648957017926,0.539164895701793,0.5391648957017902,0.5915937031136486,0.5915937031136425,0.5915937031136085,0.5915937031135999,0.591593703113571,0.5915937031135964,0.5915937031136305,0.5915937031135972,0.5915937031136811,0.5915937031140861,-0.6405672539071403,-0.6405672539071376,-0.6405672539071421,-0.6405672539071394,-0.6405672539071425,-0.6332011469644734,-0.6332011469644696,-0.6332011469644586,-0.633201146964466,-0.6332011469644567,-0.6332011469644685,-0.6332011469644351,-0.6332011469644735,-0.6332011469646561,-0.6332011469645504
0.05470881825682841,0.05470881825682855,0.05470881825682841,0.05470881825682855,0.05470881825682842,0.051546556335124255,0.051546556335123374,0.05154655633512161,0.0515465563351221,0.05154655633512216,0.05154655633512171,0.05154655633512525,0.05154655633512168,0.05154655633511124,0.05154655633511842,-0.004674593568120812,-0.004674593568120944,-0.004674593568120795,-0.004674593568120916,-0.0046745935681207105,0.0038379449917146534,0.0038379449917147323,0.0038379449917161283,0.003837944991717313,0.0038379449917173743,0.003837944991716931,0.0038379449917130323,0.003837944991717292,0.0038379449917264243,0.0038379449917053726,-0.23325881679229726,-0.2332588167922983,-0.23325881679229643,-0.23325881679229582,-0.23325881679229868,-0.37539345200806934,-0.37539345200808016,-0.37539345200811347,-0.37539345200811836,-0.37539345200815205,-0.375393452008126,-0.3753934520080964,-0.37539345200812935,-0.3753934520080436,-0.3753934520076369,1.3127058259518123,1.3127058259518158,1.3127058259518116,1.3127058259518138,1.3127058259518107,1.2927362905962723,1.2927362905962767,1.292736290596287,1.2927362905962794,1.2927362905962894,1.2927362905962758,1.2927362905963091,1.2927362905962723,1.2927362905960933,1.2927362905961983
0.03392072925682841,0.03392072925682855,0.03392072925682841,0.033920729256828555,0.033920729256828416,0.029794749089199882,0.029794749089198984,0.029794749089197166,0.029794749089197492,0.029794749089197714,0.029794749089197436,0.029794749089200805,0.029794749089197346,0.029794749089186823,0.029794749089193835,0.037663075431879176,0.03766307543187906,0.0376630754318792,0.037663075431879085,0.0376630754318793,0.04876986106307195,0.04876986106307202,0.0487698610630734,0.04876986106307397,0.048769861063074856,0.04876986106307393,0.04876986106307042,0.048769861063074724,0.04876986106308364,0.04876986106306236,-0.28808337819580565,-0.288083378195807,-0.2880833781958049,-0.28808337819580454,-0.28808337819580715,-0.47353439413104803,-0.4735343941310629,-0.4735343941310929,-0.47353439413110276,-0.4735343941311324,-0.473534394131108,-0.4735343941310741,-0.4735343941311083,-0.4735343941310209,-0.4735343941306163,-0.4241362794692399,-0.42413627946923615,-0.4241362794692407,-0.4241362794692382,-0.4241362794692414,-0.4501916502366594,-0.4501916502366554,-0.45019165023664476,-0.45019165023665264,-0.4501916502366427,-0.4501916502366541,-0.45019165023662194,-0.4501916502366598,-0.45019165023683955,-0.4501916502367348
0.0011804359266205239,0.0011804359266206453,0.0011804359266205013,0.0011804359266206488,0.0011804359266205308,-0.00019863201002045172,-0.00019863201002146965,-0.00019863201002318694,-0.0001986320100227184,-0.0001986320100227281,-0.0001986320100230794,-0.0001986320100196056,-0.00019863201002312167,-0.0001986320100335042,-0.00019863201002637797,-0.004270089094822866,-0.004270089094822932,-0.004270089094822764,-0.004270089094822925,-0.00427008909482271,-0.0005577561894669667,-0.0005577561894669738,-0.0005577561894657592,-0.0005577561894648834,-0.0005577561894643825,-0.0005577561894654385,-0.0005577561894689886,-0.0005577561894641323,-0.0005577561894548819,-0.0005577561894763395,-0.24717168438478831,-0.24717168438478954,-0.2471716843847878,-0.24717168438478737,-0.2471716843847902,-0.3091568465773863,-0.30915684657739273,-0.3091568465774319,-0.30915684657743353,-0.3091568465774678,-0.30915684657744175,-0.3091568465774079,-0.30915684657744247,-0.30915684657735826,-0.30915684657695053,0.07631586252143113,0.07631586252143407,0.07631586252142947,0.07631586252143235,0.07631586252142931,0.06760711334114639,0.06760711334114974,0.06760711334116094,0.06760711334115291,0.0676071133411629,0.06760711334115181,0.06760711334118305,0.0676071133411458,0.06760711334096405,0.06760711334106935
-0.028135442073379476,-0.02813544207337935,-0.0281354420733795,-0.028135442073379355,-0.028135442073379473,-0.03131584812294189,-0.031315848122942636,-0.031315848122944676,-0.031315848122944225,-0.031315848122944155,-0.03131584812294437,-0.03131584812294111,-0.03131584812294438,-0.03131584812295491,-0.03131584812294772,-0.022860730094822857,-0.022860730094822937,-0.022860730094822743,-0.022860730094822916,-0.022860730094822708,-0.01429934909503364,-0.01429934909503373,-0.014299349095032448,-0.014299349095031498,-0.014299349095030951,-0.014299349095031746,-0.014299349095035385,-0.014299349095030825,-0.014299349095021778,-0.014299349095043205,-0.10922525581336008,-0.10922525581336141,-0.10922525581335979,-0.10922525581335923,-0.10922525581336223,-0.25217541771803303,-0.25217541771804186,-0.2521754177180796,-0.25217541771808516,-0.25217541771811486,-0.25217541771809115,-0.25217541771805774,-0.2521754177180924,-0.2521754177180044,-0.2521754177176001,-0.09511270890714048,-0.09511270890713763,-0.09511270890714213,-0.09511270890713933,-0.09511270890714249,-0.11519682357702364,-0.11519682357702005,-0.11519682357700907,-0.11519682357701704,-0.11519682357700856,-0.11519682357702019,-0.11519682357698727,-0.11519682357702277,-0.11519682357720423,-0.11519682357709948
-0.02086521074317159,-0.02086521074317145,-0.02086521074317159,-0.020865210743171443,-0.020865210743171575,-0.013627261534139935,-0.013627261534141184,-0.013627261534142643,-0.013627261534142435,-0.01362726153414245,-0.013627261534142645,-0.013627261534139172,-0.013627261534142772,-0.013627261534153539,-0.013627261534146149,-0.04137010156812081,-0.041370101568120925,-0.04137010156812078,-0.04137010156812091,-0.041370101568120696,-0.06085404162795258,-0.06085404162795322,-0.06085404162795155,-0.06085404162795102,-0.06085404162795022,-0.06085404162795091,-0.060854041627954866,-0.06085404162794992,-0.06085404162794138,-0.06085404162796272,-0.3622703700657243,-0.3622703700657256,-0.36227037006572355,-0.36227037006572305,-0.36227037006572577,-0.03694524014062373,-0.036945240140633315,-0.036945240140667725,-0.036945240140671506,-0.03694524014070452,-0.03694524014067664,-0.03694524014064528,-0.03694524014067811,-0.03694524014059328,-0.0369452401401843,-0.9979488594692398,-0.9979488594692363,-0.9979488594692406,-0.9979488594692383,-0.9979488594692415,-0.9522415505208321,-0.9522415505208288,-0.9522415505208175,-0.9522415505208259,-0.9522415505208156,-0.952241550520826,-0.9522415505207953,-0.9522415505208336,-0.9522415505210137,-0.952241550520907
-0.017582372408275537,-0.017582372408275423,-0.01758237240827555,-0.017582372408275405,-0.01758237240827553,-0.012679876875401608,-0.0126798768754027,-0.01267987687540466,-0.012679876875404346,-0.012679876875403985,-0.012679876875404412,-0.012679876875401069,-0.012679876875404339,-0.012679876875415243,-0.012679876875407925,-0.01961148833147181,-0.01961148833147188,-0.019611488331471742,-0.01961148833147191,-0.0196114883314717,-0.03280858689454352,-0.03280858689454406,-0.03280858689454252,-0.032808586894541227,-0.03280858689454101,-0.032808586894542274,-0.03280858689454525,-0.0328085868945411,-0.032808586894532005,-0.032808586894553675,-1.8040510370045832,-1.8040510370045846,-1.8040510370045828,-1.8040510370045821,-1.8040510370045846,-1.5836978747857644,-1.58369787478577,-1.5836978747858086,-1.5836978747858144,-1.583697874785845,-1.583697874785822,-1.5836978747857842,-1.5836978747858192,-1.5836978747857366,-1.583697874785324,0.5852803211203198,0.5852803211203229,0.585280321120319,0.5852803211203218,0.5852803211203186,0.6162393499097997,0.616239349909803,0.6162393499098142,0.6162393499098053,0.6162393499098151,0.6162393499098074,0.6162393499098388,0.6162393499097981,0.6162393499096194,0.6162393499097215
-0.009526848738483435,-0.009526848738483328,-0.009526848738483456,-0.00952684873848331,-0.009526848738483454,-0.00929149173962551,-0.009291491739626746,-0.009291491739628175,-0.009291491739627858,-0.00929149173962787,-0.009291491739628236,-0.009291491739624675,-0.009291491739628333,-0.009291491739638877,-0.009291491739631667,-0.11456570185817389,-0.11456570185817389,-0.11456570185817376,-0.11456570185817393,-0.11456570185817369,-0.11519926276416327,-0.11519926276416372,-0.11519926276416227,-0.11519926276416081,-0.11519926276416075,-0.11519926276416141,-0.11519926276416495,-0.11519926276416063,-0.11519926276415139,-0.11519926276417304,-2.142787265622137,-2.142787265622139,-2.1427872656221365,-2.1427872656221365,-2.1427872656221387,-2.1322086412051013,-2.132208641205113,-2.132208641205148,-2.1322086412051533,-2.1322086412051835,-2.132208641205159,-2.132208641205128,-2.1322086412051604,-2.1322086412050787,-2.132208641204666,2.1333088507310496,2.1333088507310523,2.1333088507310483,2.1333088507310514,2.133308850731048,2.134795119113035,2.134795119113038,2.1347951191130496,2.134795119113042,2.134795119113051,2.13479511911304,2.1347951191130736,2.134795119113034,2.1347951191128547,2.134795119112959
0.06560951225682841,0.06560951225682857,0.06560951225682841,0.06560951225682855,0.06560951225682843,0.06624794655577085,0.0662479465557697,0.06624794655576806,0.06624794655576824,0.06624794655576846,0.06624794655576814,0.06624794655577157,0.06624794655576816,0.06624794655575779,0.06624794655576481,0.11105110243187917,0.11105110243187906,0.11105110243187921,0.11105110243187909,0.1110511024318793,0.10933249191756601,0.10933249191756551,0.10933249191756679,0.10933249191756832,0.10933249191756818,0.1093324919175674,0.10933249191756358,0.10933249191756839,0.10933249191757757,0.10933249191755613,-0.14426617389473043,-0.1442661738947316,-0.14426617389472973,-0.14426617389472923,-0.14426617389473187,-0.1155703768873917,-0.11557037688740038,-0.11557037688743424,-0.11557037688744162,-0.11557037688747082,-0.11557037688744909,-0.11557037688741459,-0.1155703768874466,-0.11557037688736518,-0.1155703768869552,-0.84688670346924,-0.8468867034692363,-0.8468867034692403,-0.8468867034692382,-0.8468867034692414,-0.842855020888703,-0.8428550208886987,-0.8428550208886881,-0.8428550208886959,-0.8428550208886874,-0.8428550208886973,-0.8428550208886657,-0.8428550208887039,-0.842855020888884,-0.8428550208887773
0.0015040545917244593,0.001504054591724575,0.0015040545917244475,0.0015040545917245976,0.0015040545917244744,-0.0034256686816286257,-0.0034256686816297784,-0.0034256686816316775,-0.003425668681630999,-0.003425668681631003,-0.00342566868163133,-0.0034256686816279865,-0.003425668681631431,-0.0034256686816420143,-0.003425668681634731,-0.04000030533147181,-0.04000030533147189,-0.04000030533147177,-0.040000305331471905,-0.04000030533147171,-0.026729912020370464,-0.026729912020370894,-0.02672991202036948,-0.02672991202036839,-0.02672991202036798,-0.026729912020368604,-0.026729912020372757,-0.026729912020368035,-0.026729912020358806,-0.026729912020380112,-0.9299621873749537,-0.9299621873749552,-0.9299621873749532,-0.9299621873749525,-0.9299621873749552,-1.151539158707905,-1.1515391587079187,-1.1515391587079495,-1.151539158707953,-1.1515391587079866,-1.151539158707961,-1.151539158707931,-1.1515391587079595,-1.1515391587078785,-1.1515391587074708,1.9859895409784745,1.9859895409784778,1.9859895409784736,1.9859895409784765,1.9859895409784731,1.9548585702879866,1.9548585702879901,1.9548585702880013,1.9548585702879935,1.954858570288003,1.9548585702879928,1.954858570288026,1.954858570287985,1.9548585702878085,1.9548585702879118
-0.02332816374317159,-0.02332816374317145,-0.02332816374317159,-0.02332816374317145,-0.023328163743171575,-0.016033682259652234,-0.01603368225965317,-0.016033682259654874,-0.01603368225965459,-0.016033682259654587,-0.016033682259654673,-0.01603368225965148,-0.01603368225965481,-0.016033682259665533,-0.016033682259658275,0.029335064431879197,0.02933506443187906,0.029335064431879204,0.029335064431879096,0.029335064431879304,0.009698944325495779,0.009698944325495066,0.009698944325496655,0.009698944325497684,0.009698944325497982,0.009698944325497583,0.00969894432549392,0.009698944325498213,0.009698944325507415,0.009698944325485922,-0.46706065092307886,-0.46706065092308,-0.467060650923078,-0.4670606509230776,-0.46706065092308025,-0.1391945568364964,-0.1391945568365114,-0.1391945568365472,-0.1391945568365524,-0.13919455683658116,-0.13919455683655707,-0.13919455683651968,-0.13919455683655485,-0.13919455683646922,-0.13919455683605933,0.27921300253076,0.27921300253076364,0.27921300253075954,0.27921300253076187,0.2792130025307586,0.3252773101345812,0.32527731013458544,0.32527731013459654,0.325277310134589,0.3252773101345978,0.3252773101345888,0.32527731013461836,0.3252773101345818,0.32527731013440125,0.3252773101345041
0.039559126596412614,0.03955912659641274,0.03955912659641259,0.03955912659641273,0.0395591265964126,0.03324737546975784,0.03324737546975675,0.033247375469755064,0.03324737546975559,0.03324737546975545,0.033247375469755334,0.03324737546975878,0.033247375469755217,0.03324737546974491,0.03324737546975182,0.009192726378475149,0.00919272637847506,0.009192726378475204,0.009192726378475072,0.009192726378475298,0.02618342043735624,0.026183420437355963,0.026183420437357288,0.026183420437358357,0.02618342043735857,0.02618342043735806,0.02618342043735392,0.026183420437358773,0.02618342043736747,0.0261834204373465,1.9860979203325266,1.9860979203325249,1.9860979203325273,1.9860979203325273,1.9860979203325246,1.7024027470129608,1.7024027470129495,1.7024027470129117,1.7024027470129126,1.702402747012877,1.7024027470129022,1.7024027470129386,1.7024027470129028,1.7024027470129832,1.7024027470133922,-0.5046290363450416,-0.5046290363450389,-0.504629036345043,-0.5046290363450403,-0.5046290363450436,-0.5444874479503362,-0.5444874479503324,-0.5444874479503214,-0.5444874479503303,-0.5444874479503208,-0.5444874479503323,-0.5444874479503,-0.5444874479503349,-0.5444874479505166,-0.5444874479504129
0.004168997926620521,0.004168997926620642,0.004168997926620498,0.004168997926620642,0.004168997926620529,0.010166292571990986,0.010166292571990176,0.010166292571988164,0.010166292571988554,0.010166292571988717,0.010166292571988292,0.010166292571991947,0.0101662925719883,0.010166292571977745,0.010166292571984866,0.04937122890517715,0.04937122890517706,0.04937122890517724,0.04937122890517708,0.0493712289051773,0.033227024791981995,0.03322702479198148,0.033227024791982925,0.03322702479198367,0.0332270247919845,0.03322702479198339,0.033227024791979795,0.033227024791984694,0.033227024791993645,0.03322702479197196,-0.14969781678896948,-0.1496978167889707,-0.1496978167889691,-0.14969781678896865,-0.14969781678897148,0.11986343645520582,0.11986343645519668,0.1198634364551603,0.11986343645515757,0.11986343645512465,0.11986343645515338,0.11986343645518563,0.11986343645514713,0.11986343645523281,0.11986343645564437,-1.4121858799071405,-1.4121858799071378,-1.4121858799071423,-1.4121858799071396,-1.4121858799071425,-1.3743132461964063,-1.3743132461964027,-1.3743132461963916,-1.3743132461964,-1.3743132461963905,-1.3743132461964,-1.37431324619637,-1.3743132461964065,-1.374313246196587,-1.3743132461964833
-0.0063427594129636805,-0.006342759412963545,-0.00634275941296369,-0.006342759412963541,-0.0063427594129636545,-0.0030893081439190727,-0.003089308143920222,-0.0030893081439220017,-0.0030893081439215568,-0.003089308143921457,-0.0030893081439217754,-0.003089308143918533,-0.003089308143921745,-0.0030893081439323867,-0.0030893081439252786,0.13687819995858116,0.13687819995858105,0.13687819995858122,0.13687819995858108,0.13687819995858128,0.12812018747701598,0.12812018747701603,0.12812018747701728,0.12812018747701792,0.12812018747701848,0.1281201874770181,0.1281201874770141,0.12812018747701862,0.12812018747702741,0.12812018747700654,0.7639914704362408,0.7639914704362397,0.7639914704362417,0.7639914704362425,0.7639914704362397,0.9102248061836143,0.9102248061836051,0.9102248061835707,0.910224806183567,0.9102248061835326,0.9102248061835595,0.9102248061835914,0.9102248061835553,0.9102248061836384,0.9102248061840525,-2.3938921150313384,-2.393892115031335,-2.3938921150313397,-2.393892115031337,-2.39389211503134,-2.3733467232348393,-2.373346723234836,-2.373346723234825,-2.3733467232348318,-2.3733467232348233,-2.373346723234834,-2.3733467232348016,-2.3733467232348406,-2.373346723235019,-2.3733467232349135
0.00055803225214027,0.0005580322521403928,0.0005580322521402602,0.0005580322521404101,0.0005580322521402947,0.008674558003338599,0.008674558003337645,0.008674558003335648,0.008674558003335997,0.008674558003336306,0.008674558003335914,0.008674558003339179,0.008674558003335841,0.008674558003325311,0.008674558003332337,-0.022472556278067837,-0.0224725562780679,-0.022472556278067768,-0.022472556278067917,-0.022472556278067723,-0.04432154922666487,-0.04432154922666508,-0.04432154922666387,-0.04432154922666261,-0.04432154922666242,-0.044321549226663516,-0.044321549226666423,-0.04432154922666234,-0.044321549226653545,-0.04432154922667494,-0.8702594507694745,-0.8702594507694761,-0.8702594507694742,-0.8702594507694731,-0.8702594507694759,-0.5054448163625057,-0.5054448163625174,-0.5054448163625502,-0.5054448163625532,-0.5054448163625855,-0.5054448163625622,-0.505444816362529,-0.5054448163625588,-0.5054448163624745,-0.505444816362067,0.4770652071876115,0.47706520718761436,0.47706520718761025,0.4770652071876127,0.4770652071876096,0.5283206856917758,0.5283206856917793,0.5283206856917902,0.5283206856917818,0.5283206856917914,0.5283206856917797,0.5283206856918129,0.5283206856917747,0.5283206856915926,0.5283206856916995
-0.017406811398899255,-0.017406811398899144,-0.01740681139889927,-0.01740681139889913,-0.017406811398899272,-0.015580869423270414,-0.015580869423271419,-0.015580869423272938,-0.01558086942327281,-0.015580869423272758,-0.015580869423272845,-0.01558086942326977,-0.015580869423273018,-0.015580869423283525,-0.015580869423276317,-0.05632975091157784,-0.056329750911577894,-0.05632975091157777,-0.05632975091157793,-0.056329750911577686,-0.0612450304995405,-0.06124503049954078,-0.06124503049953913,-0.06124503049953808,-0.06124503049953781,-0.0612450304995385,-0.06124503049954211,-0.061245030499538,-0.06124503049952916,-0.06124503049955012,-1.4828554128202078,-1.4828554128202094,-1.4828554128202074,-1.4828554128202076,-1.48285541282021,-1.4007845398005774,-1.4007845398005883,-1.4007845398006218,-1.4007845398006264,-1.4007845398006595,-1.400784539800636,-1.4007845398006,-1.4007845398006327,-1.4007845398005485,-1.4007845398001428,0.5993760416647728,0.5993760416647751,0.5993760416647714,0.5993760416647748,0.5993760416647711,0.610906779390546,0.6109067793905487,0.6109067793905609,0.6109067793905518,0.6109067793905623,0.6109067793905504,0.6109067793905832,0.6109067793905468,0.6109067793903648,0.6109067793904688
0.0038768389547493907,0.0038768389547494757,0.0038768389547493456,0.003876838954749462,0.0038768389547493183,0.006829417825562558,0.006829417825561487,0.006829417825559558,0.006829417825560226,0.006829417825560284,0.0068294178255600465,0.0068294178255633425,0.006829417825560001,0.0068294178255494655,0.006829417825556342,0.08705362716485908,0.08705362716485908,0.0870536271648592,0.08705362716485904,0.08705362716485932,0.07910553743951973,0.07910553743951951,0.07910553743952091,0.0791055374395221,0.07910553743952224,0.07910553743952166,0.07910553743951751,0.07910553743952206,0.07910553743953112,0.0791055374395098,-0.761307709926903,-0.7613077099269048,-0.7613077099269027,-0.7613077099269044,-0.7613077099269073,-0.6285977285467281,-0.6285977285467343,-0.6285977285467785,-0.6285977285467785,-0.6285977285468101,-0.6285977285467826,-0.628597728546745,-0.6285977285467854,-0.628597728546701,-0.6285977285462887,-0.7549532068482508,-0.7549532068482497,-0.7549532068482527,-0.754953206848249,-0.7549532068482527,-0.7363078101004684,-0.7363078101004671,-0.7363078101004523,-0.7363078101004635,-0.7363078101004531,-0.736307810100461,-0.736307810100431,-0.7363078101004676,-0.7363078101006492,-0.7363078101005447
0.021296689591724458,0.02129668959172458,0.021296689591724448,0.021296689591724597,0.021296689591724472,0.026662592741303864,0.02666259274130283,0.02666259274130137,0.02666259274130137,0.026662592741301734,0.02666259274130136,0.026662592741304548,0.026662592741301405,0.026662592741290556,0.02666259274129788,-0.03744318733147181,-0.03744318733147189,-0.03744318733147175,-0.037443187331471915,-0.03744318733147171,-0.051887739553917386,-0.051887739553917726,-0.05188773955391609,-0.05188773955391488,-0.05188773955391455,-0.05188773955391566,-0.051887739553919614,-0.05188773955391468,-0.05188773955390526,-0.05188773955392719,-2.9611069690045833,-2.961106969004585,-2.961106969004583,-2.9611069690045824,-2.961106969004585,-2.7199249588953984,-2.7199249588954073,-2.7199249588954486,-2.7199249588954455,-2.7199249588954815,-2.7199249588954535,-2.7199249588954193,-2.719924958895456,-2.7199249588953704,-2.719924958894962,1.7284137834027178,1.728413783402721,1.7284137834027171,1.7284137834027198,1.7284137834027165,1.762299209503662,1.7622992095036656,1.7622992095036767,1.7622992095036678,1.762299209503678,1.7622992095036667,1.7622992095037007,1.762299209503662,1.7622992095034793,1.7622992095035874
-0.011024003073379477,-0.011024003073379354,-0.011024003073379501,-0.011024003073379354,-0.01102400307337947,-0.015791238661000472,-0.015791238661001395,-0.01579123866100326,-0.015791238661002727,-0.015791238661002766,-0.01579123866100292,-0.01579123866099983,-0.015791238661003078,-0.01579123866101352,-0.015791238661006332,0.05132397290517714,0.051323972905177075,0.05132397290517724,0.05132397290517708,0.05132397290517729,0.06415696326720574,0.0641569632672055,0.06415696326720668,0.06415696326720817,0.06415696326720835,0.06415696326720749,0.06415696326720347,0.06415696326720816,0.06415696326721768,0.06415696326719604,-0.4278595150726195,-0.4278595150726209,-0.4278595150726191,-0.42785951507261855,-0.4278595150726213,-0.6421331293433081,-0.6421331293433132,-0.6421331293433522,-0.6421331293433549,-0.6421331293433878,-0.6421331293433648,-0.6421331293433273,-0.6421331293433639,-0.6421331293432804,-0.6421331293428714,-0.7617793759071405,-0.7617793759071377,-0.7617793759071423,-0.7617793759071393,-0.7617793759071424,-0.791884244501912,-0.7918842445019093,-0.7918842445018971,-0.7918842445019046,-0.7918842445018953,-0.7918842445019076,-0.7918842445018757,-0.7918842445019104,-0.7918842445020903,-0.7918842445019886
0.014164790596412607,0.014164790596412735,0.01416479059641259,0.014164790596412732,0.014164790596412596,0.014107236403182769,0.014107236403182089,0.014107236403180255,0.014107236403180717,0.014107236403180519,0.014107236403180418,0.014107236403183857,0.014107236403180339,0.014107236403169736,0.014107236403176971,-0.09937015362152482,-0.0993701536215249,-0.09937015362152479,-0.0993701536215249,-0.09937015362152468,-0.09921522265714221,-0.09921522265714249,-0.09921522265714106,-0.09921522265714028,-0.09921522265713971,-0.09921522265714042,-0.09921522265714397,-0.0992152226571395,-0.09921522265713059,-0.09921522265715164,2.5211209618071813,2.52112096180718,2.5211209618071817,2.521120961807182,2.521120961807179,2.518534065319001,2.5185340653189945,2.518534065318955,2.51853406531895,2.518534065318918,2.518534065318947,2.5185340653189763,2.518534065318947,2.5185340653190305,2.518534065319435,0.5903018389406727,0.5903018389406756,0.5903018389406711,0.590301838940674,0.5903018389406705,0.5899383869164279,0.5899383869164312,0.5899383869164431,0.5899383869164343,0.5899383869164435,0.5899383869164325,0.5899383869164645,0.589938386916427,0.5899383869162472,0.5899383869163516
-0.0301274657337953,-0.030127465733795177,-0.030127465733795326,-0.03012746573379518,-0.030127465733795294,-0.02254539637319822,-0.022545396373198925,-0.0225453963732007,-0.02254539637320057,-0.022545396373200376,-0.02254539637320073,-0.02254539637319737,-0.022545396373200802,-0.022545396373211665,-0.022545396373204317,0.03798013385177316,0.03798013385177307,0.03798013385177325,0.03798013385177307,0.0379801338517733,0.017569851783610896,0.017569851783610726,0.017569851783612086,0.017569851783613148,0.017569851783613293,0.01756985178361238,0.01756985178360916,0.0175698517836135,0.017569851783623,0.017569851783601213,0.15483568592122826,0.1548356859212269,0.15483568592122862,0.15483568592122873,0.15483568592122599,0.4956280331180741,0.4956280331180642,0.49562803311802733,0.49562803311802683,0.49562803311799514,0.4956280331180203,0.4956280331180533,0.4956280331180189,0.4956280331181051,0.4956280331185142,0.656235867307966,0.6562358673079688,0.6562358673079646,0.6562358673079678,0.6562358673079645,0.7041162788340161,0.7041162788340195,0.7041162788340313,0.7041162788340228,0.7041162788340326,0.7041162788340214,0.7041162788340555,0.7041162788340165,0.7041162788338343,0.7041162788339396
-0.004020335743171588,-0.004020335743171451,-0.00402033574317159,-0.004020335743171451,-0.004020335743171578,-0.013319647162833785,-0.013319647162834802,-0.013319647162836581,-0.013319647162836071,-0.013319647162836186,-0.013319647162836403,-0.013319647162833027,-0.013319647162836555,-0.013319647162846861,-0.013319647162839955,-0.027007542568120806,-0.02700754256812093,-0.027007542568120796,-0.027007542568120907,-0.02700754256812069,-0.0019745917880303453,-0.0019745917880308094,-0.0019745917880291766,-0.0019745917880283005,-0.001974591788028162,-0.0019745917880287667,-0.0019745917880319777,-0.001974591788027754,-0.001974591788018752,-0.0019745917880400745,-1.267250045195806,-1.267250045195807,-1.267250045195805,-1.2672500451958049,-1.2672500451958075,-1.68522751484167,-1.6852275148416818,-1.6852275148417184,-1.6852275148417217,-1.6852275148417541,-1.6852275148417288,-1.685227514841695,-1.6852275148417337,-1.685227514841651,-1.6852275148412408,-0.55195582846924,-0.5519558284692363,-0.5519558284692405,-0.5519558284692382,-0.5519558284692413,-0.610680542858777,-0.6106805428587738,-0.6106805428587625,-0.61068054285877,-0.6106805428587613,-0.6106805428587714,-0.6106805428587408,-0.6106805428587772,-0.6106805428589576,-0.6106805428588518
0.05102742959172447,0.051027429591724585,0.05102742959172445,0.0510274295917246,0.051027429591724474,0.043371280347092304,0.04337128034709136,0.043371280347089654,0.04337128034708984,0.04337128034708992,0.04337128034708978,0.043371280347093116,0.043371280347089675,0.04337128034707931,0.04337128034708619,-0.09772487133147181,-0.0977248713314719,-0.09772487133147176,-0.09772487133147192,-0.0977248713314717,-0.07711517255305758,-0.07711517255305766,-0.07711517255305636,-0.07711517255305521,-0.07711517255305464,-0.07711517255305593,-0.07711517255305916,-0.07711517255305492,-0.07711517255304587,-0.07711517255306723,0.7797977178791385,0.7797977178791372,0.7797977178791391,0.7797977178791399,0.7797977178791373,0.43567569162498637,0.4356756916249776,0.43567569162494524,0.43567569162494046,0.4356756916249067,0.435675691624934,0.43567569162496644,0.43567569162493136,0.4356756916250115,0.4356756916254213,-1.0178864276881905,-1.0178864276881874,-1.0178864276881916,-1.0178864276881887,-1.017886427688192,-1.0662346501989561,-1.066234650198953,-1.0662346501989413,-1.06623465019895,-1.0662346501989406,-1.066234650198951,-1.066234650198918,-1.0662346501989555,-1.0662346501991349,-1.0662346501990312
-0.028589736403587394,-0.02858973640358726,-0.028589736403587404,-0.028589736403587265,-0.028589736403587397,-0.032337277779924636,-0.032337277779925615,-0.0323372777799273,-0.03233727777992677,-0.0323372777799269,-0.03233727777992717,-0.032337277779923915,-0.032337277779927065,-0.03233727777993778,-0.03233727777993055,-0.07205984562152484,-0.07205984562152495,-0.0720598456215248,-0.07205984562152493,-0.0720598456215247,-0.061971784840823566,-0.06197178484082397,-0.06197178484082244,-0.06197178484082169,-0.06197178484082101,-0.06197178484082213,-0.061971784840825474,-0.06197178484082134,-0.061971784840812005,-0.06197178484083332,0.18459498778120684,0.1845949877812054,0.18459498778120723,0.18459498778120748,0.18459498778120487,0.01615371388614722,0.016153713886137663,0.016153713886102972,0.016153713886097182,0.016153713886064736,0.016153713886090097,0.016153713886124133,0.01615371388609196,0.016153713886171706,0.016153713886580268,0.4851070337458675,0.4851070337458703,0.48510703374586617,0.4851070337458687,0.48510703374586545,0.461441486152399,0.4614414861524016,0.46144148615241354,0.4614414861524054,0.46144148615241454,0.4614414861524041,0.4614414861524352,0.4614414861524,0.4614414861522175,0.4614414861523216
-0.001038376743171589,-0.0010383767431714503,-0.0010383767431715917,-0.0010383767431714486,-0.0010383767431715778,0.007501542154137247,0.0075015421541364605,0.00750154215413466,0.00750154215413474,0.007501542154135002,0.00750154215413474,0.007501542154137949,0.0075015421541347205,0.007501542154124005,0.0075015421541311115,0.20871710443187919,0.20871710443187907,0.2087171044318792,0.20871710443187907,0.2087171044318793,0.18572837335548847,0.1857283733554883,0.18572837335548975,0.18572837335549078,0.18572837335549108,0.18572837335549028,0.18572837335548673,0.1857283733554914,0.18572837335550052,0.18572837335547865,-1.1672500451958059,-1.1672500451958074,-1.1672500451958052,-1.1672500451958048,-1.1672500451958077,-0.7834050989850492,-0.7834050989850586,-0.7834050989850943,-0.7834050989850992,-0.783405098985128,-0.7834050989851048,-0.7834050989850716,-0.7834050989851019,-0.7834050989850169,-0.7834050989846053,0.13375845753075938,0.13375845753076315,0.13375845753075877,0.13375845753076127,0.13375845753075788,0.18768764384594028,0.18768764384594475,0.1876876438459553,0.1876876438459464,0.18768764384595674,0.18768764384594622,0.1876876438459799,0.1876876438459385,0.18768764384575737,0.18768764384586337
-0.00030514640827554104,-0.00030514640827541874,-0.00030514640827555297,-0.00030514640827540313,-0.0003051464082755278,-0.004513926147811251,-0.004513926147812164,-0.00451392614781405,-0.004513926147813754,-0.0045139261478134365,-0.0045139261478138225,-0.004513926147810594,-0.0045139261478138746,-0.004513926147824305,-0.0045139261478173084,0.1064215776685282,0.10642157766852813,0.10642157766852825,0.10642157766852808,0.10642157766852829,0.11775125266374252,0.117751252663742,0.11775125266374382,0.11775125266374484,0.11775125266374503,0.11775125266374448,0.1177512526637406,0.11775125266374506,0.11775125266375454,0.11775125266373271,2.297415758752993,2.297415758752991,2.2974157587529933,2.297415758752994,2.297415758752991,2.1082431387127034,2.1082431387126945,2.1082431387126577,2.108243138712648,2.1082431387126195,2.1082431387126483,2.1082431387126785,2.1082431387126417,2.108243138712724,2.108243138713135,-0.8624953076881905,-0.8624953076881873,-0.8624953076881915,-0.8624953076881886,-0.8624953076881919,-0.8890735538592172,-0.8890735538592144,-0.8890735538592023,-0.8890735538592107,-0.8890735538592005,-0.8890735538592108,-0.8890735538591784,-0.889073553859218,-0.8890735538593972,-0.889073553859291
0.02364341659641261,0.02364341659641274,0.02364341659641259,0.023643416596412732,0.0236434165964126,0.009641705798433736,0.00964170579843294,0.009641705798431394,0.009641705798431634,0.00964170579843158,0.00964170579843136,0.00964170579843461,0.009641705798431351,0.009641705798420708,0.009641705798427887,-0.05085006662152485,-0.05085006662152493,-0.05085006662152479,-0.050850066621524914,-0.050850066621524685,-0.013158659008081273,-0.013158659008081823,-0.013158659008080132,-0.013158659008079374,-0.013158659008078933,-0.013158659008079882,-0.013158659008083155,-0.013158659008078898,-0.01315865900806949,-0.013158659008091189,-0.19608683040061087,-0.1960868304006123,-0.19608683040061034,-0.19608683040061034,-0.1960868304006128,-0.8254237120193939,-0.8254237120194009,-0.8254237120194337,-0.8254237120194431,-0.825423712019472,-0.8254237120194458,-0.8254237120194162,-0.825423712019448,-0.8254237120193642,-0.8254237120189618,1.166925215564049,1.1669252155640522,1.1669252155640477,1.1669252155640506,1.1669252155640473,1.0785050701931185,1.0785050701931223,1.0785050701931331,1.0785050701931242,1.078505070193134,1.0785050701931234,1.0785050701931567,1.0785050701931187,1.0785050701929406,1.0785050701930443
