Behavioral Variable,Condition,Metric Type,Base Metric,P-Value,Coefficient,Standard Error,T-Statistic,Confidence Interval,F-Statistic,Adjusted R-Squared
entropy_diff_norm_q_avg,composite,fd,T_PREM,0.31692280397411365,-0.675527464175463,0.6669450520140447,-1.0128682447459518,"[-2.021477070430302, 0.670422142079376]",0.5800660538048268,-0.01945934480219691
entropy_diff_norm_q_avg,composite,fd,T_PREC,0.015573556475305103,-1.870076770765106,0.7417034337064711,-2.521326834662044,"[-3.366894899245748, -0.37325864228446415]",3.2539755000379214,0.09293220816663217
entropy_diff_norm_q_avg,composite,fd,ST_PREM,0.23217158818095857,-0.8418695151844923,0.6944375376737626,-1.2123041591394952,"[-2.243301203714206, 0.5595621733452217]",0.8026479403925862,-0.009051747299088087
entropy_diff_norm_q_avg,composite,fd,ST_PREC,0.018236130995353865,-2.0967468514491534,0.8534776822964087,-2.456709642140312,"[-3.819134545855429, -0.3743591570428779]",3.0926403695470217,0.08685807522334121
entropy_diff_norm_q_avg,composite,fd,CP,0.5635835487045423,-0.5966122982892788,1.024858109682838,-0.5821413644020556,"[-2.664859697425312, 1.4716351008467543]",0.2354876423201704,-0.03600163888660779
entropy_diff_norm_q_avg,composite,log_fc,T_PREM,0.5908424215774757,0.18152908862654507,0.335006168199735,0.5418678993346626,"[-0.4950295934033946, 0.8580877706564847]",0.3796450500225013,-0.0441649710251284
entropy_diff_norm_q_avg,composite,log_fc,T_PREC,0.4669879986092942,0.18005119017856713,0.24522502171812013,0.7342284605260688,"[-0.31519078815855267, 0.6752931685156869]",0.46314358233277314,-0.037994594987943664
entropy_diff_norm_q_avg,composite,log_fc,ST_PREM,0.772531539493378,0.08709184100862485,0.2993024888254094,0.2909826822704027,"[-0.5173617977293614, 0.6915454797466112]",0.30856929169737546,-0.04947542283812467
entropy_diff_norm_q_avg,composite,log_fc,ST_PREC,0.5483490518645193,0.1534813922965313,0.25358374196442124,0.6052493393605073,"[-0.3586413640384514, 0.6656041486315141]",0.40437648096168394,-0.04232973439063814
entropy_diff_norm_q_avg,composite,log_fc,CP,0.07560473931768694,0.4171536337044881,0.22883133048918589,1.8229742964510796,"[-0.04498061353903354, 0.8792878809480098]",1.4101894371237134,0.02720656311235803
entropy_diff_norm_q_avg,composite,fdc,T_PREM,0.7322989042885908,-0.16185822085108084,0.4699590014302489,-0.3444092364620955,"[-1.1109596786671856, 0.787243236965024]",0.32011653158710723,-0.04860899456122092
entropy_diff_norm_q_avg,composite,fdc,T_PREC,0.33370497626055806,-0.4032546955826265,0.4122352422329257,-0.9782149953952144,"[-1.235780656731845, 0.4292712655665919]",0.6052656233886686,-0.027658089219382287
entropy_diff_norm_q_avg,composite,fdc,ST_PREM,0.6264546560685453,-0.21975584079183888,0.44810177128945317,-0.49041502371095674,"[-1.1247157268382406, 0.6852040452545628]",0.3615779798530819,-0.045509758079768314
entropy_diff_norm_q_avg,composite,fdc,ST_PREC,0.39049328653083004,-0.3924439451901542,0.45216921742155236,-0.8679138916798111,"[-1.3056182053453935, 0.520730314965085]",0.5359994472971623,-0.03266996132836231
entropy_diff_norm_q_avg,composite,fdc,CP,0.47870416481411004,0.3294175509316512,0.46076948314214666,0.7149291847308091,"[-0.6011252982030109, 1.2599604000663132]",0.4536301774289115,-0.038693933180275586
binary_or_ternary_introduced,composite,fd,T_PREM,0.11981238131232241,-0.6942921765159059,0.4372424513863836,-1.587888308453316,"[-1.5766831673542496, 0.1880988143224378]",1.8774596692431198,0.03835476848956232
binary_or_ternary_introduced,composite,fd,T_PREC,0.044146777085061754,-1.0488625284686255,0.5054690486605216,-2.0750281965791597,"[-2.0689403669114697, -0.028784690025781323]",2.7943550856818584,0.07541095689378863
binary_or_ternary_introduced,composite,fd,ST_PREM,0.25040729450085075,-0.5404319788128572,0.46370510831867356,-1.1654647945811596,"[-1.476226773414217, 0.3953628157885025]",1.2798066934291317,0.012558757680408927
binary_or_ternary_introduced,composite,fd,ST_PREC,0.08584850630237606,-1.0333515143278782,0.5874400471724334,-1.7590757036429197,"[-2.2188535250293695, 0.1521504963736131]",2.171876014204846,0.05057320406368737
binary_or_ternary_introduced,composite,fd,CP,0.08163323601765476,-1.1803657815772037,0.6616030660504986,-1.7840996243011806,"[-2.515534823702297, 0.15480326054788973]",2.2174363680149187,0.05243629609736311
binary_or_ternary_introduced,composite,log_fc,T_PREM,0.6680733711236655,-0.09621308936517,0.22276443625664905,-0.4319050696868057,"[-0.5460949951427491, 0.35366881641240905]",0.8075727725570403,-0.013294462085621017
binary_or_ternary_introduced,composite,log_fc,T_PREC,0.9302143910495864,-0.014442371685898153,0.1639039686291917,-0.0881148382597853,"[-0.34545315155048884, 0.3165684081786925]",0.7447446727749685,-0.017712028420592052
binary_or_ternary_introduced,composite,log_fc,ST_PREM,0.8615000702465402,-0.03491900538550052,0.19889522526058143,-0.17556482484560196,"[-0.43659606162441117, 0.3667580508534101]",0.7528482505511447,-0.017140087642875113
binary_or_ternary_introduced,composite,log_fc,ST_PREC,0.9680937007238324,-0.006807347788067461,0.16915062866212852,-0.040244294933510776,"[-0.3484139725471513, 0.33479927697101636]",0.7425852605546276,-0.0178645456922768
binary_or_ternary_introduced,composite,log_fc,CP,0.3941942881244218,-0.13484258766110066,0.15659450294904845,-0.8610940047172329,"[-0.4510916021126069, 0.18140642679040556]",1.002596365497729,0.0001769935880239215
binary_or_ternary_introduced,composite,fdc,T_PREM,0.1508793412514419,-0.4459959903903189,0.3046877817701901,-1.4637803583693096,"[-1.0613254488681187, 0.16933346808748095]",1.4950113597338035,0.0326488505343443
binary_or_ternary_introduced,composite,fdc,T_PREC,0.20495891240644049,-0.3496999382415265,0.27150052465102836,-1.288026749454762,"[-0.898006371270607, 0.19860649478755393]",1.325045121687578,0.02168165492216023
binary_or_ternary_introduced,composite,fdc,ST_PREM,0.3024773300297696,-0.3076024836255853,0.2945613909527915,-1.0442729192397242,"[-0.9024812809649473, 0.2872763137137767]",1.125253983196622,0.008467729523534029
binary_or_ternary_introduced,composite,fdc,ST_PREC,0.2561571259156233,-0.343456971736397,0.29824348064467143,-1.1515992604230405,"[-0.9457719000653504, 0.2588579565925564]",1.2080775259083623,0.013988645667750488
binary_or_ternary_introduced,composite,fdc,CP,0.10773085566123491,-0.4904036099393293,0.29821779836201634,-1.6444478251563386,"[-1.0926666718462463, 0.11185945196758773]",1.6923596061032962,0.04507835287258932
isochrony_introduced,composite,fd,T_PREM,0.2354761227570944,0.6940188215391953,0.5766087984703501,1.203621629396421,"[-0.4696248443379457, 1.857662487416336]",0.824817353378446,-0.008026763467710696
isochrony_introduced,composite,fd,T_PREC,0.001751087520579355,2.054217003995996,0.6144986097967509,3.3429156246186476,"[0.8141086031578024, 3.2943254048341895]",5.710497226466577,0.17635378280412906
isochrony_introduced,composite,fd,ST_PREM,0.23749902601047224,0.7232689132748877,0.6035537059168556,1.1983505464127227,"[-0.4947517773041825, 1.941289603853958]",0.8184575804952955,-0.008320589062491557
isochrony_introduced,composite,fd,ST_PREC,0.003210195836963692,2.2327727381184874,0.714228534739369,3.126132084506053,"[0.7914012005301396, 3.674144275706835]",5.006063016001247,0.15404342493273038
isochrony_introduced,composite,fd,CP,0.2001547961921046,1.1407936272148071,0.8764692242046389,1.3015786472708522,"[-0.627992877236051, 2.909580131665665]",0.9480857614032167,-0.002365319652982256
isochrony_introduced,composite,log_fc,T_PREM,0.9813792299685229,0.006905223460635688,0.2940569184443878,0.023482608391482574,"[-0.5869547709795437, 0.6007652179008152]",0.11448060473753711,-0.06425585459781802
isochrony_introduced,composite,log_fc,T_PREC,0.5459812603444092,-0.13085512733997348,0.21492097505575875,-0.608852287711912,"[-0.5648968418722872, 0.30318658719234026]",0.23889569210239825,-0.05473380279493978
isochrony_introduced,composite,log_fc,ST_PREM,0.7209695634595588,0.0940941008044737,0.26164133803059686,0.3596301009340892,"[-0.434301300909418, 0.6224895025183653]",0.15776706884289043,-0.060923503072226604
isochrony_introduced,composite,log_fc,ST_PREC,0.5950362129840309,-0.11893787051079305,0.2220087660056821,-0.535735019164734,"[-0.5672936692564006, 0.3294179282348145]",0.21076602707962094,-0.05687175649398313
isochrony_introduced,composite,log_fc,CP,0.17514885679144984,-0.2806788583333435,0.2034304931640811,-1.3797285449578895,"[-0.6915150739152995, 0.1301573572486125]",0.7541523293787619,-0.01704810737092366
isochrony_introduced,composite,fdc,T_PREM,0.47519007280856973,0.29480421328634515,0.409058755676304,0.720689165542833,"[-0.5313067031197194, 1.1209151296924098]",0.28887412022062275,-0.050956526202664776
isochrony_introduced,composite,fdc,T_PREC,0.18805306977978917,0.47793826370524756,0.35702389029878584,1.3386730599604162,"[-0.2430861101795177, 1.1989626375900129]",0.7166394430654484,-0.019700655382897114
isochrony_introduced,composite,fdc,ST_PREM,0.41128702629177416,0.32358806765332804,0.38981585291448556,0.8301049463073376,"[-0.4636610182350247, 1.1108371535416808]",0.34590758859842474,-0.046678961301904076
isochrony_introduced,composite,fdc,ST_PREC,0.25289673264298024,0.4554160893764395,0.39271558931796763,1.1596588008318294,"[-0.3376891329822256, 1.2485213117351046]",0.5663136762031946,-0.03047052081499335
isochrony_introduced,composite,fdc,CP,0.9428176505226173,-0.02926403854113068,0.40548837260594955,-0.0721698586646509,"[-0.8481644200564442, 0.7896363429741828]",0.11604593902867211,-0.06413498461877953
