pp_id,stim_tempo_intended,length,G,rhythmic_contours_edit_distance_sum,silhouette,tempo_diff_avg,tempo_diff_sd,tempo_diff_avg_abs,ratio_diff_avg_abs,entropy_diff_avg,preference_binary_D,preference_ternary_D
20,400,4,0.0079083092068785,27,0.616260449535578,12.738040944562675,37.48795008239172,30.654327556501517,0.02542381224067227,-0.04018244524985189,0.447,0.237
20,400,5,0.0059086940881809,76,0.616260449535578,12.56392045454548,43.14630515124742,34.91304983737906,0.028965387515503222,-0.0821483651879341,0.424,0.227
20,600,4,0.0380708104632157,48,0.6284660762842211,-7.67045454545451,57.80451508547405,46.3352272727273,0.025291065372762923,-0.0879173563906442,0.156,0.269
20,600,5,0.0231661846896907,144,0.6284660762842211,-12.02769886363634,68.42787479727996,53.702521368792645,0.03476147105320187,-0.07588355117258962,0.143,0.318
21,400,4,0.1095487301175732,36,0.6137548960567537,31.993006993007008,104.41471823150219,79.37062937062933,0.06198335705629714,0.023697339506322912,0.596,0.415
21,400,5,0.0977037704790538,84,0.6137548960567537,29.037724957227603,112.04008466392555,84.9101537877716,0.0752156262262366,-0.059736583178945216,0.579,0.388
21,600,4,0.0302858506250721,87,0.6010363639590478,-11.23225259588892,134.3718797097377,97.41470650561564,0.07676886087932602,-0.039434692203702784,0.451,0.241
21,600,5,0.0386705932869132,148,0.6010363639590478,-37.81534543592079,144.60357866057015,114.00129726010385,0.07791862010491193,-0.06880488761006939,0.351,0.186
22,400,4,0.2296542131097423,33,0.6401327396261549,-0.49257759784071165,121.6201133905274,83.65721997300946,0.06585160474419337,0.012160476851928862,0.571,0.374
22,400,5,0.0259244247917038,116,0.6401327396261549,23.249769229659638,157.90765824860188,108.11467843595398,0.10628545654786156,-0.01050223000848402,0.495,0.288
22,600,4,0.039638256893296,96,0.5286559654214381,-52.9636104636105,162.62736543927915,128.07821807821816,0.0859366818152945,-0.025672117798516487,0.374,0.19
22,600,5,0.0128377152823738,192,0.5286559654214381,-61.4185247562211,193.11677388257888,150.21038516457364,0.09152290670644292,-0.1099921825461746,0.396,0.215
23,400,4,0.0195505944087377,51,0.5904864425450027,3.9784128914563266,60.355597933492106,47.31478666261276,0.038168210302281715,-0.08415654371538892,0.398,0.187
23,400,5,0.0137017027857283,100,0.5904864425450027,11.744218121240976,82.89875295352654,59.77443100687992,0.05186356548915103,-0.007876672506363015,0.346,0.162
23,600,4,0.0444091494125498,72,0.5653268573593908,-42.59844765163919,95.75587596702347,77.02239250111589,0.040474812024271056,-0.12169347856172504,0.17,0.224
23,600,5,0.1195465060624357,132,0.5653268573593908,-42.62453925594676,117.2633461555276,97.5692222972449,0.056811080206614316,-0.13199975535862096,0.248,0.114
24,400,4,0.0213968434412817,39,0.5867800807773259,-18.740481740481787,52.733780045007634,39.437192437192465,0.03469110069395255,-0.12710207760891282,0.346,0.174
24,400,5,0.0237129106058956,100,0.5867800807773259,-21.127224854166816,78.75227218028238,57.19974845865201,0.051092549070121535,-0.1431017466660886,0.318,0.17
24,600,4,0.0502487181040661,93,0.604349279051544,-57.84245895948023,97.09907570623015,81.49246143926999,0.04315844253583891,-0.04915937450779753,0.103,0.351
24,600,5,0.026722588963405,136,0.604349279051544,-61.13516680871791,95.14754572639907,88.23859485516311,0.04176408842679383,-0.11892219385585796,0.131,0.333
25,400,4,0.0140679716165352,51,0.5739372682534746,-9.444797626615783,58.379398066790166,42.03936215299854,0.037880559648467045,-0.0879818411569975,0.471,0.245
25,400,5,0.014963985266194,92,0.5739372682534746,-2.034339708363966,71.16687196388399,52.9714611007745,0.046248997546406656,-0.12112308841228926,0.331,0.176
25,600,4,0.0692193130072924,84,0.5945883131568223,-44.16703863512374,82.57515451743478,72.23900213261916,0.04349386644117276,-0.06641320889537901,0.184,0.203
25,600,5,0.0302499379061261,156,0.5945883131568223,-49.14958327297556,98.69512947814941,81.36578984127642,0.04710196062650416,-0.007534208484347235,0.227,0.138
26,400,4,0.0608255119363826,60,0.5783855025749509,23.60270979020981,64.88129030343711,47.99723193473198,0.034177820229735326,-0.05493061443340549,0.419,0.206
26,400,5,0.0255731887818653,72,0.5783855025749509,32.4566501070919,62.61231055934187,48.332810268919566,0.035169109227629156,-0.10184833912404934,0.465,0.259
26,600,4,0.0537940689412363,75,0.5518373682359982,28.947025197025177,84.94278267161636,65.30982905982901,0.04062789477045962,-0.06331720708832181,0.204,0.178
26,600,5,0.0240758930131127,152,0.5518373682359982,4.728090408718712,116.08087756676323,86.49757746616386,0.0595659225470191,-0.14000584425850934,0.136,0.302
27,400,4,0.0219963572745703,42,0.6087769207979701,20.72671646535288,91.96253812725274,61.72533905488453,0.044794003734367545,-0.07351561005938811,0.478,0.275
27,400,5,0.0319734390770144,84,0.6087769207979701,34.22869521007313,114.83753679227824,75.81803578382586,0.04995859818893271,-0.020657016702245026,0.516,0.313
27,600,4,0.0102275801544533,51,0.5883713173861355,0.5831306374784222,116.92265227404889,91.79271815141377,0.04652958559413745,-0.04397409846553702,0.327,0.164
27,600,5,0.0084201512555583,140,0.5883713173861355,23.597722085941985,168.74196432629859,128.21075739269452,0.07323768501488218,-0.014418849862020732,0.412,0.209
28,400,4,0.0266860633382458,21,0.6073644304201006,0.6495847902097595,52.258759389771114,38.84196532634028,0.031154097229259096,-0.11198496682675342,0.479,0.26
28,400,5,0.0252679330974319,60,0.6073644304201006,3.8224014205689514,71.0469148457104,51.03002691026255,0.041860732371112624,-0.06161753520995102,0.415,0.209
28,600,4,0.0837914989229305,21,0.6213725335274577,-40.95571095571097,98.04787366486102,79.75577452850183,0.046510788188148904,-0.07094138222915483,0.36,0.168
28,600,5,0.0301067314222744,52,0.6213725335274577,-27.574194361228585,125.7907841694607,95.00202984573173,0.06160242197120859,-0.04077336356234973,0.318,0.148
29,400,4,0.031644497726137,75,0.6173249977184392,-20.342851592851577,98.40695367951689,73.87626262626263,0.06274057439316236,-0.06601401719618526,0.426,0.213
29,400,5,0.0191100792812604,172,0.6173249977184392,19.64857036718873,126.24979366941116,89.07366991328175,0.07980332266705108,-0.01690602879414501,0.401,0.198
29,600,4,0.0658389609791934,90,0.5851530798930324,-68.53521478521478,109.97853197979613,101.07461982461979,0.057207770393450215,-0.1266344141766436,0.212,0.173
29,600,5,0.0197111154804422,204,0.5851530798930324,-63.740112418122884,152.7769608178015,133.06720439246624,0.07807123398067535,-0.11350192251242663,0.271,0.143
30,400,4,0.0261491575606805,54,0.6247678882630613,-40.164534047512745,80.30942144766773,65.38945097455742,0.04871813487744407,-0.05287035425080851,0.359,0.182
30,400,5,0.0486080505163383,68,0.6247678882630613,-31.408507023233692,88.67807634036305,70.14562556036435,0.050467749675596384,-0.04835910562046131,0.348,0.181
30,600,4,0.0230567828414756,69,0.5758017042851235,-157.71306818181816,112.48649312124716,162.21481643356643,0.052958316979040805,0.009627044174443683,0.181,0.199
30,600,5,0.0726947306232453,116,0.5758017042851235,-147.94210674872429,121.09524026890254,161.99442679565652,0.06131658391796458,-0.1108623429191144,0.244,0.142
31,400,4,0.0255360639751219,45,0.6096222036060701,36.38719436591778,68.38396346693685,57.612210484550936,0.04465609715312191,-0.05899124940935703,0.481,0.27
31,400,5,0.0132765461489899,96,0.6096222036060701,53.7148638635282,91.15047979835845,77.25334391631688,0.057478564257943045,-0.06598638086774815,0.505,0.292
31,600,4,0.0577560898175003,54,0.5570511213434232,20.386687386687306,127.84975552843007,88.56358456358448,0.05746016524146954,-0.08602668913128647,0.359,0.166
31,600,5,0.0152226918545381,100,0.5570511213434232,-1.8610444301885003,111.69449486906603,88.17639891976907,0.04985371883912194,0.013221688307874926,0.311,0.146
32,400,4,0.0145641851929625,33,0.6096395607119771,62.20354113971137,72.1230106137355,70.28071219560579,0.03844763155418055,-0.019663749803119013,0.55,0.353
32,400,5,0.0144789322317215,80,0.6096395607119771,64.82906118902406,86.24190742891147,80.20241606986703,0.04831414263696168,-0.026155123005525978,0.492,0.288
32,600,4,0.0306650728383703,45,0.5951163498591128,37.522533022533054,90.76509357647765,74.87192437192444,0.0415548893826927,0.02053769423881319,0.263,0.154
32,600,5,0.0158273615356976,132,0.5951163498591128,46.307286550477514,169.8206519056303,95.21008866092137,0.04997942914566358,0.03965276568810639,0.318,0.152
33,400,4,0.040369191155399,39,0.6226592824568327,35.36529260213473,97.22104664238199,67.59477364740518,0.04902467317544144,-0.0775527571095078,0.553,0.351
33,400,5,0.1285275663308394,120,0.6226592824568327,31.424797715373728,139.98731160472232,104.37893520092476,0.08490960341404942,-0.04951051289713896,0.533,0.348
33,600,4,0.089473771065583,48,0.5902293357423831,-7.5466200466201085,153.38802946836532,115.62476996687515,0.06297674963339384,0.019731057705923094,0.415,0.203
33,600,5,0.1175272091152352,180,0.5902293357423831,-28.331746787244146,186.02376015757994,149.2617206092337,0.08756051396464157,0.020598980412527054,0.39,0.193
34,400,4,0.0475943825045835,24,0.5990862377044829,3.0575505575505373,73.83214314468353,48.45035595035605,0.03896711827507242,0.01248913838846748,0.439,0.226
34,400,5,0.0387170436173788,60,0.5990862377044829,3.3006901475487904,93.04058343933957,61.88257575757578,0.055974621349952444,0.011552453009332423,0.442,0.231
34,600,4,0.0531690285213221,51,0.5953464786783351,-36.4226989226989,90.18662097744804,78.24812574812573,0.0442060318236867,-0.04383406574142318,0.29,0.14
34,600,5,0.0747519394798924,128,0.5953464786783351,-76.70059325491263,117.72465813585168,109.73316277962874,0.06331729466328755,0.016503504299046325,0.31,0.166
35,400,4,0.0449294028269928,45,0.5703319375551997,47.176234618095094,70.86450797826048,62.97094378489728,0.03888164429689612,-0.07928146257057193,0.5,0.285
35,400,5,0.0313918411522454,80,0.5703319375551997,49.25158819874134,79.86029132166566,69.29642465228196,0.04784694898676939,-0.06375564155607422,0.469,0.26
35,600,4,0.0488109694360896,69,0.5544020359398928,17.82833020637898,107.71296360428884,82.18247199954517,0.043067712347981096,-0.0874029009379539,0.211,0.17
35,600,5,0.0425115878448991,144,0.5544020359398928,-0.19070779787401548,115.41450986341363,84.67301450367549,0.0436644516219773,-0.02888113252333106,0.18,0.214
36,400,4,0.0062012660860369,33,0.5453371071509211,5.884670884670904,74.17062171135565,52.91985791985789,0.045083405994487444,-0.01785190935297804,0.459,0.233
36,400,5,0.0197677207752179,104,0.5453371071509211,12.51422357017148,83.39124768803137,59.29705400529093,0.05346867598990099,-0.008059850936743551,0.457,0.246
36,600,4,0.053319313071892,39,0.6095358932131062,-28.781521508794278,102.52382756059538,80.70115490570034,0.04096582725488475,0.03150669002545205,0.334,0.157
36,600,5,0.0353911660604241,156,0.6095358932131062,-18.380150608553794,137.5899082000941,103.68087192040068,0.06471945197214458,-0.02475525644856948,0.279,0.138
37,400,4,0.0525140631578997,33,0.6531500778291097,29.630795130795075,73.15832740230071,56.53885003885002,0.039331956051179236,-0.12070914266553993,0.555,0.362
37,400,5,0.0170033484517252,96,0.6531500778291097,43.21413974711838,82.34186439177806,68.51650611510051,0.04838232750787492,-0.04804899081784724,0.514,0.305
37,600,4,0.0678112572534966,57,0.6531175781628816,10.894886363636342,87.02129698159577,66.0631555944056,0.04129747990142409,-0.007267335330063167,0.332,0.167
37,600,5,0.030128666842385,116,0.6531175781628816,26.97443181818183,101.83972140963257,82.25278389259086,0.0459589204512712,-0.06498254817749488,0.241,0.131
38,400,4,0.0191175168408828,42,0.6126414257470878,59.056499056499014,97.81303730964409,78.78815628815622,0.054210471959645117,-0.011002336199364209,0.573,0.384
38,400,5,0.0161437374595433,100,0.6126414257470878,70.41668791505182,114.29735209220985,92.0913014777544,0.060952819191726584,0.016503504299046318,0.578,0.388
38,600,4,0.0245653543812166,69,0.5684086960503607,51.489121989122026,151.93519776891145,113.13221963221969,0.07594351299725077,-0.02053769423881319,0.43,0.206
38,600,5,0.0731141753878588,164,0.5684086960503607,7.356391136495828,156.89200897186447,119.80219736633349,0.07493490567080624,0.018310204811135163,0.365,0.182
39,400,4,0.0440146848396442,66,0.6211500260388175,17.24980574980574,108.28370997663309,77.98743848743854,0.06093926197868655,-0.05909605994910035,0.49,0.275
39,400,5,0.0786692925207606,132,0.6211500260388175,9.67999823039092,139.8690053371556,99.17048810700638,0.10065814417294247,0.0,0.418,0.217
39,600,4,0.0368542388639464,111,0.608775368203079,-70.32867132867133,121.3849314986604,112.7358197358198,0.06782780746546156,-0.17089524490392813,0.196,0.201
39,600,5,0.0395511091472655,124,0.608775368203079,-77.7555220618048,167.63299198037274,144.30811165758809,0.08536051169810634,-0.12036942031336634,0.25,0.127
40,400,4,0.0220017689656024,24,0.589842591056386,37.63327252457688,52.29376240413442,50.2802270193575,0.031456463224471216,-0.056482014659092715,0.363,0.175
40,400,5,0.0152577752265723,56,0.589842591056386,32.65254769985309,55.99438602647643,52.02783224344521,0.03320829080830092,-0.02544636536480555,0.377,0.195
40,600,4,0.0434107897786012,81,0.6161381906911187,30.5255681818182,83.92580204010338,69.34816919191927,0.03484458734132615,-0.08065002106058104,0.137,0.293
40,600,5,0.0339065604060712,124,0.6161381906911187,8.26535759369245,96.3467621116625,71.8336506425512,0.04239890346592763,-0.06311740778654171,0.136,0.299
41,400,4,0.030142879571457,30,0.5930783034827346,25.135845635845644,63.49643015135088,43.51579901579901,0.03460553433963514,-0.07188192983584617,0.436,0.219
41,400,5,0.0076043882707333,84,0.5930783034827346,14.97409242352125,64.79946902682204,49.67282895590843,0.035505562756025504,-0.05023303585502212,0.365,0.198
41,600,4,0.0372083901131714,57,0.5623850591372979,-3.107170607170555,74.77360643193151,57.57742257742256,0.03243998498714714,-0.05085891795107067,0.203,0.204
41,600,5,0.043833953122697,100,0.5623850591372979,-19.051732010227667,88.4753011044776,68.64064592718854,0.03674161413072191,-0.03026383355167888,0.145,0.27
42,400,4,0.0175176434974914,45,0.6306770188562514,23.748473748473756,67.751613317689,51.466033966033955,0.03821392504688427,-0.14033356048387127,0.447,0.231
42,400,5,0.0110378572177615,116,0.6306770188562514,23.946320567441777,86.99166403293657,65.26260723697192,0.05525882503197785,0.025359043191217494,0.436,0.212
42,600,4,0.0227829169983744,90,0.5796828511751042,-18.317663817663853,114.18569918867685,91.79111629111635,0.062159057268181814,-0.08350966636394724,0.218,0.177
42,600,5,0.0111974514324114,184,0.5796828511751042,-19.492172288087964,125.45450290188978,90.7614542317511,0.05818440736121075,-0.06108270917822915,0.185,0.209
43,400,4,0.0559729413933757,57,0.6353272080276163,-63.254014504014535,118.70876255320891,105.12205387205385,0.09278079576207579,0.025672117798516487,0.584,0.397
43,400,5,0.1822870356292488,132,0.6353272080276163,-5.393869081101329,162.84416511775984,120.54601524526555,0.1035223342628434,0.04597292112306144,0.589,0.414
43,600,4,0.1111630362970793,126,0.6302144031869337,-136.97595087838994,203.37215129345563,198.47234066746262,0.13706892773850837,0.011270685862763336,0.566,0.382
43,600,5,0.039701960568274,152,0.6302144031869337,-83.37067914088531,200.85807454435232,178.4254149809614,0.10837586683362706,-0.07046128099458049,0.505,0.297
44,400,4,0.0295544356913933,45,0.5905828645740254,-7.353459548581472,64.72080577320472,45.01790892034799,0.03874640683602975,-0.12823159443970195,0.35,0.169
44,400,5,0.015332773935348,136,0.5905828645740254,-5.548205067184076,88.75819306656396,66.51796610893471,0.05496614520111669,-0.053319013889226566,0.434,0.226
44,600,4,0.0616098368743589,81,0.5245544886581477,-90.13837226603188,90.88682955497637,99.43064028170414,0.04403466945994113,-0.09349891818451996,0.171,0.225
44,600,5,0.044082056442701,160,0.5245544886581477,-91.1860952456502,124.84753536064545,120.02654159394991,0.059632251202685754,-0.04432204496182527,0.341,0.172
45,400,4,0.0193652094125685,39,0.5851076563576662,7.424242424242453,52.50315123009694,41.44204280567923,0.03414868406883426,-0.04200892003393606,0.477,0.263
45,400,5,0.0055686058112315,108,0.5851076563576662,15.520815304400516,67.20453493021564,47.4156651594479,0.03945426636386538,-0.012780344195882015,0.423,0.227
45,600,4,0.027454758600615,63,0.5340022236994972,-7.066064017283522,91.8570910634804,67.35743930865888,0.04103682110582235,-0.02254137172552667,0.248,0.12
45,600,5,0.0373439275555176,132,0.5340022236994972,-29.750727781897847,105.99136679789571,81.2038287415738,0.05437010801502355,-0.11892219385585795,0.215,0.173
46,400,4,0.0560100868035654,39,0.6488044757929499,16.61205073995772,103.24266532225035,77.5880902043693,0.06166064077311592,-0.10077439840188807,0.534,0.32
46,400,5,0.0542378905984838,104,0.6488044757929499,42.10219444374862,128.18069581077998,90.3354762143341,0.07257746554163307,-0.09241048474587277,0.566,0.372
46,600,4,0.0420896113483459,60,0.5964718929156003,-41.27808361850918,131.80290372950455,109.08966919605214,0.07247498035772475,-0.06029231373683047,0.461,0.256
46,600,5,0.0526545535309176,168,0.5964718929156003,-18.492494516068934,161.95983263711747,120.78656255820209,0.07834988678112863,0.0,0.47,0.25
47,400,4,0.0607856671734913,48,0.63549373948654,30.43549945988971,95.86063906685663,55.448575814429525,0.040122318531343446,-0.14375633025177054,0.467,0.258
47,400,5,0.0291675120635634,124,0.63549373948654,32.395550021531704,83.66302272603885,65.32771384374792,0.05065080083378448,-0.12689085452716017,0.432,0.229
47,600,4,0.0225759814973998,66,0.5650380020925739,29.68285418285415,87.67090299331295,68.61758611758616,0.03390180348386059,-0.17592929043860658,0.194,0.195
47,600,5,0.0465991544858773,160,0.5650380020925739,0.7240227867681497,112.55715881689333,81.96274839362209,0.04477772548586578,-0.15383437766604524,0.208,0.177
48,400,4,0.0083193789542196,33,0.5757035590112468,31.70454545454542,55.73659061017225,50.13840326340324,0.03454706767220763,-0.07701635339554946,0.498,0.277
48,400,5,0.0078762022448808,68,0.5757035590112468,45.98101081551845,62.533827451351094,59.62686841119223,0.03440872093855638,-0.07373906176169633,0.457,0.253
48,600,4,0.0579391413415608,48,0.610557396524115,11.562499999999993,91.00418624494093,69.72367909867909,0.04189529217451333,-0.009627044174443686,0.246,0.15
48,600,5,0.016512563441246,108,0.610557396524115,8.333177210446916,94.43431642955666,74.59275978004398,0.040746257712597544,-0.03686953088084816,0.171,0.229
49,400,4,0.0316230251244742,39,0.5641086769876937,18.81173090475419,62.091235680893426,46.350897164850636,0.03751406950394011,-0.09671821124092257,0.43,0.214
49,400,5,0.0090594655509623,84,0.5641086769876937,7.370687269627947,64.657360239037,44.64169885879367,0.03702301285308467,-0.04136582485914654,0.424,0.228
49,600,4,0.0325997116039504,57,0.6110701183326256,-43.94886363636364,72.65637493096514,64.66807498057497,0.033855881126375574,-0.11915819775835576,0.245,0.138
49,600,5,0.0242711824318606,132,0.6110701183326256,-58.62579972991818,90.85141047949739,84.00301489877467,0.03864481225439745,0.013077561502762989,0.163,0.238
50,400,4,0.1371797845719904,72,0.5740443681273607,9.04817404817406,145.78010287704814,103.98883944338492,0.10643637065168049,0.02272061190379023,0.478,0.259
50,400,5,0.0940148845013947,152,0.5740443681273607,11.069400449703762,178.37329814859737,120.02166456038995,0.12340602996665749,0.0,0.5,0.286
50,600,4,0.1062097671490385,114,0.6088915727687338,-77.78744511302655,173.48223177893252,144.08711443595175,0.10303000513636512,-0.029605310153247105,0.476,0.263
50,600,5,0.1013858093190891,168,0.6088915727687338,-97.20458083023527,185.6225483463704,166.33228063856333,0.09806677131873281,-0.04329880852591153,0.42,0.219
51,400,4,0.0861893857209055,57,0.6430895917410006,-27.357954545454525,76.35968016658659,62.39932983682993,0.05721711169481094,-0.01155245300933242,0.375,0.164
51,400,5,0.0207889009871604,128,0.6430895917410006,-14.07970946910744,110.41057857653963,81.02646583994759,0.07747869233159993,-0.09137260498383859,0.32,0.158
51,600,4,0.115114415732056,57,0.5921254468488245,-53.58491508491511,104.62695634433277,91.43173493173495,0.045184942727065,0.018186119094137507,0.223,0.155
51,600,5,0.0164197533054404,124,0.5921254468488245,-72.75250421877026,144.60082308191647,124.97722044336746,0.07142312036786058,0.03150669002545206,0.358,0.184
52,400,4,0.0528303183815996,33,0.5604062627661648,11.425641025641028,92.08196026816461,66.72121212121216,0.06049271267307993,-0.11788019080645187,0.422,0.216
52,400,5,0.0184962440165231,144,0.5604062627661648,14.450271076273182,138.21825485553177,101.42152360483102,0.09397386236764008,-0.06498254817749488,0.505,0.314
52,600,4,0.1366861399977614,54,0.5544574962937994,-29.86790986790982,157.0826449803016,122.46503496503495,0.07707255476776836,0.03536189823860071,0.283,0.12
52,600,5,0.0283784883757893,104,0.5544574962937994,-29.537499779646307,164.4754258894296,119.40028557829609,0.08129518459497392,-0.012836058899258249,0.264,0.12
53,400,4,0.0144163938764828,42,0.6380501575172154,10.94228235532582,46.866268782356045,36.39100030404376,0.02953427413287325,-0.033928487153074054,0.417,0.224
53,400,5,0.007013782282534,60,0.6380501575172154,9.226058766342323,49.968930647877826,38.00622423972372,0.030954576671384324,-0.051617343233187424,0.443,0.243
53,600,4,0.0247566354632559,66,0.5941910502350463,-27.556881524272846,69.39287015128808,57.191522245870104,0.03221029305191572,-0.1218766840841481,0.153,0.264
53,600,5,0.0336069160670196,120,0.5941910502350463,-32.22656249999997,81.96010026406249,66.17652928169126,0.03749788844921554,-0.012670784628380135,0.135,0.299
54,400,4,0.0077272326052391,51,0.6369024371576061,20.686653771760138,69.83741655293386,55.02479789713835,0.04268890471265255,-0.08607695869849802,0.395,0.186
54,400,5,0.0210570538349926,100,0.6369024371576061,25.987807483449433,81.84196852466775,58.230043323525564,0.04635700837175376,-0.1270690900459773,0.314,0.163
54,600,4,0.0413513978050371,105,0.610675192775678,-31.765480895915687,100.99367562223406,83.63560352690793,0.04729760934379592,-0.06785697430614812,0.203,0.191
54,600,5,0.0140398853150334,116,0.610675192775678,-41.74611437864052,112.24055661195898,94.27836942725686,0.04855643828103456,0.016503504299046318,0.165,0.242
55,400,4,0.1020013050099623,33,0.6198838909716121,36.12868838478589,76.00397764149244,60.758854966172,0.04227240100000678,-0.05635342931381668,0.439,0.219
55,400,5,0.0748351747318194,92,0.6198838909716121,39.84083508433847,90.52286480895533,69.92753886070511,0.04956802657667264,-0.03700259505026897,0.464,0.254
55,600,4,0.03365001904317,78,0.5366806554834801,-3.5414798876337987,108.47511598535566,82.37986372601763,0.05464046303057265,-0.09926156438225357,0.124,0.324
55,600,5,0.0631004212244817,200,0.5366806554834801,-9.387690115096719,123.82644620107155,96.00660264592621,0.06116808190313936,0.004903671689518996,0.181,0.232
56,400,4,0.0315549236209337,66,0.6094121334010716,7.466301814127926,72.51907246400583,55.22017837235226,0.04800073749033097,-0.060273667874777836,0.429,0.229
56,400,5,0.0603600070621559,88,0.6094121334010716,33.28670127320324,113.08644630566151,80.71668996906234,0.06595876466162845,-0.12457105749651887,0.545,0.345
56,600,4,0.0739791516309271,81,0.6117797308587011,-33.78949065119279,106.1055190705803,84.14707632792741,0.05282621379495943,-0.17586489714000697,0.287,0.143
56,600,5,0.0498800124350642,156,0.6117797308587011,-27.825771548180555,104.46930579655807,83.65428664921465,0.05092220559977618,-0.08278205582464322,0.278,0.138
57,400,4,0.0151342105103274,48,0.5717179514392078,31.621693523867386,79.60717094125538,61.04527718658157,0.04163277765223603,-0.020091222624925943,0.42,0.218
57,400,5,0.0414746496706169,116,0.5717179514392078,42.01242189636143,105.59558034017037,81.29591911653013,0.06853678728613523,-0.051617343233187424,0.414,0.224
57,600,4,0.076695405776538,81,0.5954320114954108,-25.57387688069508,103.525206459231,79.08415448188178,0.0468333254266404,-0.010502230008484019,0.311,0.139
57,600,5,0.0618135006251177,136,0.5954320114954108,-13.994790840340569,122.35398521945541,95.16490824475119,0.056942981185350315,-0.0722216521880198,0.267,0.17
58,400,4,0.0351369014857894,48,0.6367082036571472,72.59273335360291,91.29946965916955,89.84949832775912,0.049335832470941296,-0.020091222624925947,0.575,0.381
58,400,5,0.0071826544167918,136,0.6367082036571472,75.45249475933447,115.96789789428165,101.44803133259751,0.07164262022351568,-0.04424343705701779,0.524,0.319
58,600,4,0.0596448632884581,84,0.590531959959783,43.34952084952086,113.01274083738467,91.99080549080554,0.04747672724022424,-0.010268847119406595,0.284,0.143
58,600,5,0.0191175992297709,168,0.590531959959783,26.409327625143053,128.58458585855328,96.38194704649257,0.0621727964685346,-0.022121718528508895,0.343,0.165
59,400,4,0.0108228417971244,27,0.6353272329819236,-56.11078736078739,64.90947100880035,67.37114737114742,0.04448372755534189,-0.10268847119406595,0.402,0.2
59,400,5,0.0737966481019551,124,0.6353272329819236,-43.33816734094874,91.52854407869742,78.79469597810564,0.06461861341888182,-0.03251480018836264,0.328,0.165
59,600,4,0.0426102341861464,84,0.5335578499048026,-108.77428127428128,103.88758156181923,125.51295001295,0.05330858879801316,-0.010268847119406585,0.226,0.156
59,600,5,0.0377989048183732,168,0.5335578499048026,-138.67008435136705,118.11980218474565,149.83241445872332,0.05602071955235047,-0.11363676301781983,0.165,0.257
60,400,4,0.0275537175853441,48,0.566659572322296,26.71357808857805,186.92490366422487,144.22231934731937,0.13872330971265207,-0.04620981203732968,0.603,0.428
60,400,5,0.22564390167558,104,0.566659572322296,-65.78692164132369,220.07032349013912,175.84034231819425,0.15105080990848113,0.0,0.579,0.429
60,600,4,0.0324633584219091,54,0.6027309408303277,-105.97595387069072,219.85655351698875,192.7597840755736,0.11675673697866103,0.009179791995869263,0.489,0.267
60,600,5,0.090904139262911,152,0.6027309408303277,-148.1363946774827,227.0615406454622,220.8138981437411,0.12494381919746106,0.0508927307296111,0.425,0.228
61,400,4,0.038148957312022,24,0.5796017967077888,-0.9591797091797236,66.6799516033975,50.20826395826394,0.04416032533706263,-0.1251784612387567,0.521,0.305
61,400,5,0.0061702915683922,108,0.5796017967077888,25.459180567393172,87.43890010809574,65.72949758143962,0.05519168905447255,-0.06752094786467253,0.502,0.287
61,600,4,0.0355136049793499,54,0.6009888659669871,-20.323071237705406,105.06820811073011,83.48612769344481,0.055044414924230387,-0.019778785761373874,0.425,0.209
61,600,5,0.0706246596657612,84,0.6009888659669871,-48.32747531700407,114.31014245638443,98.61717253078506,0.06258861763661014,0.012240657082592553,0.317,0.182
62,400,4,0.0182680191835197,27,0.5960553927468928,-16.477272727272734,47.00982323807634,37.53933566433561,0.02937092176039345,-0.028881132523331045,0.399,0.199
62,400,5,0.0175447226399713,104,0.5960553927468928,-18.256392045454543,49.52156565971721,40.96793565564021,0.031529513001561975,-0.08664339756999317,0.34,0.183
62,600,4,0.013626321368546,78,0.5951175202857943,-50.957484544441115,74.61311162226012,71.90382081686437,0.03805601690693599,-0.21228718589631485,0.12,0.32
62,600,5,0.0151863563708966,104,0.5951175202857943,-53.09659090909094,66.24470624507174,67.94733162779632,0.027940577582028763,-0.1038092145804324,0.116,0.319
63,400,4,0.3386869527896395,39,0.754931630600756,19.519903173749235,150.91394983874042,107.23910704679939,0.09419314677963325,0.0,0.585,0.413
63,400,5,0.1262649686326628,184,0.754931630600756,-20.087865427490623,185.8360856364493,144.350982614795,0.16825824923936886,-0.11856464930630645,0.569,0.372
63,600,4,0.1859012746922821,54,0.6197274315212697,-79.30964868464864,163.3694177333274,143.41221278721284,0.08757046330050197,-0.14448632352962165,0.451,0.246
63,600,5,0.1783569354971736,184,0.6197274315212697,-72.90333357741737,192.36865639683367,159.95838367566117,0.1010821621680006,-0.0922191779164324,0.384,0.225
64,400,4,0.0656543108636494,33,0.6106327467639459,-27.198244463869447,68.26368626384156,53.83832313519826,0.045756567491688035,-0.014440566261665524,0.361,0.186
64,400,5,0.1300189420457632,72,0.6106327467639459,-38.11123927162179,90.72874531505505,70.76558205769909,0.049806723382560224,-0.04619860898913964,0.41,0.195
64,600,4,0.0677631718722214,39,0.5261795159884071,-108.2200854700854,119.04298751602182,132.76282051282047,0.047806023862968214,-0.015403270679109893,0.208,0.174
64,600,5,0.0669342234884502,168,0.5261795159884071,-128.555400206251,136.8698392594645,150.9233202443281,0.07224288384274362,0.019618076583359102,0.248,0.13
65,400,4,0.0104442443155472,48,0.5783291211885729,5.432729663498899,66.94361208497178,52.431713585559834,0.04357649971448352,-0.08741289462909213,0.29,0.142
65,400,5,0.0140579345897008,92,0.5783291211885729,1.3061684285678543,83.70862091821303,59.22471911871533,0.04774726611748783,-0.05127972383522893,0.315,0.155
65,600,4,0.0694818565443389,78,0.5654492722493406,-42.056967422821046,95.38888267394739,80.78060151230889,0.04199369495404998,-0.04933679340035861,0.098,0.334
65,600,5,0.058551064151481,132,0.5654492722493406,-52.523556993452324,122.42218413708899,96.63879491104619,0.050671571394228225,-0.05266566231726214,0.263,0.118
66,400,4,0.0793927969224566,30,0.5898967345750277,19.097266369993626,88.68241879816209,66.00762873490142,0.05050973294470458,-0.047294254819436554,0.501,0.296
66,400,5,0.0295366589223738,112,0.5898967345750277,36.257639760287354,126.40317875897485,88.15803351218041,0.06347639233648478,-0.025560688391764022,0.529,0.32
66,600,4,0.0270479325136769,78,0.5569686715293044,-24.948611994066674,152.56145531027062,108.99925831744012,0.07089863627929702,0.019288308130145843,0.389,0.193
66,600,5,0.0413665864689398,160,0.5569686715293044,-23.70627807896356,155.29829955808145,116.35645337295821,0.07955322676620359,-0.06762411517658004,0.405,0.212
