pp_id,stim_tempo_intended,length,G_stim,G_resp,G_diff,rhythmic_contours_edit_distance_avg,silhouette,tempo_diff_avg,tempo_diff_sd,tempo_diff_avg_abs,entropy_diff_avg,edit_distance_avg,preference_binary_D,preference_ternary_D,quantized_binary_ratios_n,quantized_ternary_ratios_n,quantized_binary_vs_ternary_prop,quantized_binary_vs_total_prop,quantized_ternary_vs_total_prop
20,400,4,0.0129253195904197,0.0058232662169831,-0.0071020533734366,0.1956521739130435,0.5858591206801228,12.738040944562675,37.48795008239172,30.654327556501517,-0.13571394861229621,1.391304347826087,0.447,0.237,31,11,0.7380952380952381,0.33695652173913043,0.11956521739130435
20,400,5,0.0001391667274251,0.0018106749310119,0.0016715082035867,0.3958333333333333,0.5858591206801228,12.56392045454548,43.14630515124742,34.91304983737906,-0.10653446532920607,2.2083333333333335,0.424,0.227,38,21,0.6440677966101694,0.2638888888888889,0.14583333333333334
20,600,4,0.000926992699832,0.0567914717802945,0.0558644790804624,0.3333333333333333,0.5717792877607373,-7.67045454545451,57.80451508547405,46.3352272727273,-0.1914551334651442,2.4166666666666665,0.156,0.269,11,0,1.0,0.11458333333333333,0.0
20,600,5,0.0077489935487429,0.0359915427804836,0.0282425492317407,0.75,0.5717792877607373,-12.02769886363634,68.42787479727996,53.702521368792645,-0.14440566261665527,3.0208333333333335,0.143,0.318,21,0,1.0,0.14583333333333334,0.0
21,400,4,0.0112868500189974,0.0740301732809508,0.0627433232619534,0.3076923076923077,0.5784615766742041,31.993006993007008,104.41471823150219,79.37062937062933,0.040018215616446313,2.1538461538461537,0.596,0.415,37,11,0.7708333333333334,0.47435897435897434,0.14102564102564102
21,400,5,0.0069144955717953,0.0326292955390026,0.0257147999672072,0.5675675675675675,0.5784615766742041,29.037724957227603,112.04008466392555,84.9101537877716,-0.025804628444384303,3.6486486486486487,0.579,0.388,31,18,0.6326530612244898,0.27927927927927926,0.16216216216216217
21,600,4,0.0100020052103919,0.059397081547534,0.0493950763371421,0.6590909090909091,0.5535086972679488,-11.23225259588892,134.3718797097377,97.41470650561564,-1.3457248783335231e-17,3.25,0.451,0.241,31,2,0.9393939393939394,0.3522727272727273,0.022727272727272728
21,600,5,0.0003788882280805,0.0586926967357021,0.0583138085076215,0.8043478260869565,0.5535086972679488,-37.81534543592079,144.60357866057015,114.00129726010385,0.025593659205874617,4.978260869565218,0.351,0.186,61,1,0.9838709677419355,0.4420289855072464,0.007246376811594203
22,400,4,0.0208253134081,0.0516202197806832,0.0307949063725831,0.2894736842105263,0.5727257980782069,-0.49257759784071165,121.6201133905274,83.65721997300946,0.0,3.0526315789473686,0.571,0.374,18,8,0.6923076923076923,0.23684210526315788,0.10526315789473684
22,400,5,0.0001111558713674,0.024257252405586,0.0241460965342186,0.8787878787878788,0.5727257980782069,23.249769229659638,157.90765824860188,108.11467843595398,-0.011892003267376083,3.9393939393939394,0.495,0.288,25,10,0.7142857142857143,0.25252525252525254,0.10101010101010101
22,600,4,0.0027878670179488,0.0907485455467403,0.0879606785287915,0.8888888888888888,0.5500211349388043,-52.9636104636105,162.62736543927915,128.07821807821816,-0.05618912581707509,2.6944444444444446,0.374,0.19,14,5,0.7368421052631579,0.19444444444444445,0.06944444444444445
22,600,5,0.0090395135539922,0.0933219621195502,0.084282448565558,1.2307692307692308,0.5500211349388043,-61.4185247562211,193.11677388257888,150.21038516457364,-0.02095342820030524,5.0256410256410255,0.396,0.215,21,16,0.5675675675675675,0.1794871794871795,0.13675213675213677
23,400,4,0.0024363678885284,0.0067430025764361,0.0043066346879077,0.3695652173913043,0.6012778095757201,3.9784128914563266,60.355597933492106,47.31478666261276,-0.152013518021537,2.717391304347826,0.398,0.187,26,3,0.896551724137931,0.2826086956521739,0.03260869565217391
23,400,5,0.0006628005204887,0.0018704693237903,0.0012076688033015,0.5681818181818182,0.6012778095757201,11.744218121240976,82.89875295352654,59.77443100687992,-0.20301680330842656,3.8181818181818183,0.346,0.162,54,4,0.9310344827586207,0.4090909090909091,0.030303030303030304
23,600,4,0.0014995670193598,0.0084141579410184,0.0069145909216585,0.5106382978723404,0.5723567764292968,-42.59844765163919,95.75587596702347,77.02239250111589,-0.179575876883018,2.382978723404255,0.17,0.224,12,0,1.0,0.1276595744680851,0.0
23,600,5,0.0032121866063606,0.0925323399205918,0.0893201533142311,0.7674418604651163,0.5723567764292968,-42.62453925594676,117.2633461555276,97.5692222972449,-0.20362941376944638,4.023255813953488,0.248,0.114,31,1,0.96875,0.24031007751937986,0.007751937984496124
24,400,4,0.0077552410652489,0.0143288911407757,0.0065736500755267,0.28888888888888886,0.6050147495220286,-18.740481740481787,52.733780045007634,39.437192437192465,-0.05909605994910035,1.3333333333333333,0.346,0.174,30,5,0.8571428571428571,0.3333333333333333,0.05555555555555555
24,400,5,0.0028328970224424,0.0264111650759221,0.0235782680534796,0.5813953488372093,0.6050147495220286,-21.127224854166816,78.75227218028238,57.19974845865201,-0.14310174666608858,2.627906976744186,0.318,0.17,48,8,0.8571428571428571,0.37209302325581395,0.06201550387596899
24,600,4,0.0027800364186865,0.0923665794615745,0.089586543042888,0.6595744680851063,0.5750484769980754,-57.84245895948023,97.09907570623015,81.49246143926999,-0.1869978363690399,2.382978723404255,0.103,0.351,5,0,1.0,0.05319148936170213,0.0
24,600,5,0.0004089390500188,0.0261425402837603,0.0257336012337415,0.7906976744186046,0.5750484769980754,-61.13516680871791,95.14754572639907,88.23859485516311,-0.12089776405115325,3.7906976744186047,0.131,0.333,10,0,1.0,0.07751937984496124,0.0
25,400,4,0.0043526683926209,0.0228560870971379,0.0185034187045169,0.38636363636363635,0.5930763679664448,-9.444797626615783,58.379398066790166,42.03936215299854,-0.20886014559833913,1.9318181818181819,0.471,0.245,36,2,0.9473684210526315,0.4090909090909091,0.022727272727272728
25,400,5,0.0043640592386796,0.0377336665659511,0.0333696073272714,0.5227272727272727,0.5930763679664448,-2.034339708363966,71.16687196388399,52.9714611007745,-0.20896280494211458,3.25,0.331,0.176,45,3,0.9375,0.3409090909090909,0.022727272727272728
25,600,4,0.0170941252353036,0.0187753115474161,0.0016811863121125,0.5957446808510638,0.5726304289443899,-44.16703863512374,82.57515451743478,72.23900213261916,-0.04062856393371144,2.74468085106383,0.184,0.203,15,0,1.0,0.1595744680851064,0.0
25,600,5,0.0087441951237264,0.0079444543179908,-0.0007997408057356,0.8478260869565217,0.5726304289443899,-49.14958327297556,98.69512947814941,81.36578984127642,0.022602625453041703,3.0434782608695654,0.227,0.138,22,1,0.9565217391304348,0.15942028985507245,0.007246376811594203
26,400,4,0.0032334006024283,0.0160292543168746,0.0127958537144462,0.5,0.5668626382909001,23.60270979020981,64.88129030343711,47.99723193473198,-0.15607104090414065,1.225,0.419,0.206,25,4,0.8620689655172413,0.3125,0.05
26,400,5,0.0018189164337123,0.0101922072542093,0.0083732908204969,0.45,0.5668626382909001,32.4566501070919,62.61231055934187,48.332810268919566,-0.11051267888104865,2.25,0.465,0.259,31,15,0.6739130434782609,0.25833333333333336,0.125
26,600,4,0.002047272256496,0.0147098535197673,0.0126625812632713,0.5952380952380952,0.568315154784334,28.947025197025177,84.94278267161636,65.30982905982901,-0.004152763045750377,2.0714285714285716,0.204,0.178,11,0,1.0,0.13095238095238096,0.0
26,600,5,0.0125501259638032,0.0415322537750983,0.0289821278112951,0.9743589743589743,0.568315154784334,4.728090408718712,116.08087756676323,86.49757746616386,-0.13782765147908116,3.4615384615384617,0.136,0.302,7,0,1.0,0.05982905982905983,0.0
27,400,4,0.0033638424986088,0.0897348648323271,0.0863710223337183,0.3181818181818182,0.606554544188575,20.72671646535288,91.96253812725274,61.72533905488453,-0.049936922212186784,2.227272727272727,0.478,0.275,34,5,0.8717948717948718,0.38636363636363635,0.056818181818181816
27,400,5,0.0028217281597212,0.0115891565374649,0.0087674283777436,0.4772727272727273,0.606554544188575,34.22869521007313,114.83753679227824,75.81803578382586,-0.009807343379037992,3.159090909090909,0.516,0.313,34,21,0.6181818181818182,0.25757575757575757,0.1590909090909091
27,600,4,0.0034178817364061,0.0390145796560749,0.0355966979196687,0.3695652173913043,0.5736311829269888,0.5831306374784222,116.92265227404889,91.79271815141377,-0.11562272598737025,2.9565217391304346,0.327,0.164,24,1,0.96,0.2608695652173913,0.010869565217391304
27,600,5,0.001347860806643,0.0444733807014259,0.0431255198947828,0.8974358974358975,0.5736311829269888,23.597722085941985,168.74196432629859,128.21075739269452,-0.005532347547149639,4.230769230769231,0.412,0.209,26,4,0.8666666666666667,0.2222222222222222,0.03418803418803419
28,400,4,0.0070825494269206,0.048049186306352,0.0409666368794313,0.21875,0.6273195112760878,0.6495847902097595,52.258759389771114,38.84196532634028,-0.10653446532920606,1.71875,0.479,0.26,16,10,0.6153846153846154,0.25,0.15625
28,400,5,0.0099362595395248,0.0447983422403409,0.0348620827008161,0.5769230769230769,0.6273195112760878,3.8224014205689514,71.0469148457104,51.03002691026255,-0.1116692599300353,2.576923076923077,0.415,0.209,37,3,0.925,0.47435897435897434,0.038461538461538464
28,600,4,0.0596033868760803,0.0517923003834832,-0.007811086492597,0.3181818181818182,0.600928334536366,-40.95571095571097,98.04787366486102,79.75577452850183,-0.2076756910269979,2.727272727272727,0.36,0.168,11,0,1.0,0.25,0.0
28,600,5,0.0403761674231657,0.0838583794298197,0.043482212006654,0.7647058823529411,0.600928334536366,-27.574194361228585,125.7907841694607,95.00202984573173,-0.030380742769139425,4.0588235294117645,0.318,0.148,5,2,0.7142857142857143,0.09803921568627451,0.0392156862745098
29,400,4,0.0028112323536977,0.0417925205427471,0.0389812881890494,0.5952380952380952,0.621828884251826,-20.342851592851577,98.40695367951689,73.87626262626263,-0.093627405578551,2.2142857142857144,0.426,0.213,23,7,0.7666666666666667,0.27380952380952384,0.08333333333333333
29,400,5,0.0125506946888274,0.0127260159032687,0.0001753212144413,1.048780487804878,0.621828884251826,19.64857036718873,126.24979366941116,89.07366991328175,-0.11419832261278585,2.8780487804878048,0.401,0.198,45,9,0.8333333333333334,0.36585365853658536,0.07317073170731707
29,600,4,0.0165667007372914,0.0741658845750345,0.057599183837743,0.7142857142857143,0.5620580921394132,-68.53521478521478,109.97853197979613,101.07461982461979,-0.26157435444478805,2.2857142857142856,0.212,0.173,13,1,0.9285714285714286,0.15476190476190477,0.011904761904761904
29,600,5,0.0061168268814715,0.1575852692264091,0.1514684423449376,1.2142857142857142,0.5620580921394132,-63.740112418122884,152.7769608178015,133.06720439246624,-0.10431952748542107,4.261904761904762,0.271,0.143,28,1,0.9655172413793104,0.2222222222222222,0.007936507936507936
30,400,4,0.0008168792729241,0.0488239698317938,0.0480070905588696,0.3829787234042553,0.5874318863232681,-40.164534047512745,80.30942144766773,65.38945097455742,-0.08848687411403554,2.1702127659574466,0.359,0.182,34,4,0.8947368421052632,0.3617021276595745,0.0425531914893617
30,400,5,0.0023741834835072,0.0841686631452958,0.0817944796617885,0.3953488372093023,0.5874318863232681,-31.408507023233692,88.67807634036305,70.14562556036435,-0.15831244851970913,3.0930232558139537,0.348,0.181,53,2,0.9636363636363636,0.4108527131782946,0.015503875968992248
30,600,4,0.0006263510319156,0.0988069075879821,0.0981805565560665,0.4791666666666667,0.5604538316334547,-157.71306818181816,112.48649312124716,162.21481643356643,-0.15422091558802054,2.8958333333333335,0.181,0.199,19,1,0.95,0.19791666666666666,0.010416666666666666
30,600,5,6.468988073315973e-05,0.1164073713735596,0.1163426814928264,0.6744186046511628,0.5604538316334547,-147.94210674872429,121.09524026890254,161.99442679565652,-0.18142543115451099,4.186046511627907,0.244,0.142,32,0,1.0,0.24806201550387597,0.0
31,400,4,0.0018194058441677,0.008030302418212,0.0062108965740442,0.3191489361702128,0.600193352943472,36.38719436591778,68.38396346693685,57.612210484550936,-0.12169347856172504,2.425531914893617,0.481,0.27,26,10,0.7222222222222222,0.2765957446808511,0.10638297872340426
31,400,5,0.0052423831531077,0.0174858973532295,0.0122435142001218,0.5454545454545454,0.600193352943472,53.7148638635282,91.15047979835845,77.25334391631688,-0.09853540083736924,3.090909090909091,0.505,0.292,41,13,0.7592592592592593,0.3106060606060606,0.09848484848484848
31,600,4,0.012932165167301,0.02603682095616,0.0131046557888589,0.4,0.5380344453371698,20.386687386687306,127.84975552843007,88.56358456358448,-0.10017144842672675,3.022222222222222,0.359,0.166,16,2,0.8888888888888888,0.17777777777777778,0.022222222222222223
31,600,5,0.0006820179207139,0.0580396826764407,0.0573576647557267,0.5434782608695652,0.5380344453371698,-1.8610444301885003,111.69449486906603,88.17639891976907,-0.020608602951153073,3.739130434782609,0.311,0.146,29,1,0.9666666666666667,0.21014492753623187,0.007246376811594203
32,400,4,0.0068093698820892,0.0246216351507458,0.0178122652686566,0.23404255319148937,0.5875403795124737,62.20354113971137,72.1230106137355,70.28071219560579,-0.04303847934924901,2.617021276595745,0.55,0.353,24,13,0.6486486486486487,0.2553191489361702,0.13829787234042554
32,400,5,0.000764125813939,0.01136788295361,0.0106037571396709,0.46511627906976744,0.5875403795124737,64.82906118902406,86.24190742891147,80.20241606986703,0.015053131698058332,4.255813953488372,0.492,0.288,36,14,0.72,0.27906976744186046,0.10852713178294573
32,600,4,0.0061466528435351,0.0410102856759587,0.0348636328324236,0.3333333333333333,0.5692151047402599,37.522533022533054,90.76509357647765,74.87192437192444,-0.05134423559703298,2.8444444444444446,0.263,0.154,29,0,1.0,0.32222222222222224,0.0
32,600,5,0.0098519365296041,0.0161016929181794,0.0062497563885752,0.7021276595744681,0.5692151047402599,46.307286550477514,169.8206519056303,95.21008866092137,0.07095582695443808,3.893617021276596,0.318,0.152,31,1,0.96875,0.2198581560283688,0.0070921985815602835
33,400,4,0.0035878915119529,0.0617306585007487,0.0581427669887958,0.34210526315789475,0.574817750211134,35.36529260213473,97.22104664238199,67.59477364740518,-0.004589895997934632,2.6578947368421053,0.553,0.351,28,8,0.7777777777777778,0.3684210526315789,0.10526315789473684
33,400,5,0.028135903338829,0.0547334726644017,0.0265975693255726,0.8571428571428571,0.574817750211134,31.424797715373728,139.98731160472232,104.37893520092476,0.02354169190003093,3.857142857142857,0.533,0.348,33,11,0.75,0.3142857142857143,0.10476190476190476
33,600,4,0.0015271304635913,0.0496511444271504,0.0481240139635591,0.42105263157894735,0.5809443097220496,-7.5466200466201085,153.38802946836532,115.62476996687515,0.06998217625551358,3.026315789473684,0.415,0.203,19,2,0.9047619047619048,0.25,0.02631578947368421
33,600,5,0.000608147736802,0.1699179643760872,0.1693098166392851,1.125,0.5809443097220496,-28.331746787244146,186.02376015757994,149.2617206092337,0.1538343776660452,5.45,0.39,0.193,22,3,0.88,0.18333333333333332,0.025
34,400,4,0.0110570921749625,0.0487534479045543,0.0376963557295918,0.21621621621621623,0.5772925067274075,3.0575505575505373,73.83214314468353,48.45035595035605,0.03746741516540244,2.135135135135135,0.439,0.226,13,6,0.6842105263157895,0.17567567567567569,0.08108108108108109
34,400,5,0.0005267120983257,0.0464001646455261,0.0458734525472003,0.5,0.5772925067274075,3.3006901475487904,93.04058343933957,61.88257575757578,0.02027325540540822,3.3333333333333335,0.442,0.231,38,9,0.8085106382978723,0.4222222222222222,0.1
34,600,4,0.0028613255388605,0.0034350648864962,0.0005737393476357,0.4594594594594595,0.5763432867416632,-36.4226989226989,90.18662097744804,78.24812574812573,-0.07187358642458153,2.5135135135135136,0.29,0.14,19,0,1.0,0.25675675675675674,0.0
34,600,5,0.0245435624811076,0.0598621023051975,0.0353185398240898,0.7619047619047619,0.5763432867416632,-76.70059325491263,117.72465813585168,109.73316277962874,0.08267884332116437,3.5714285714285716,0.31,0.166,51,1,0.9807692307692307,0.40476190476190477,0.007936507936507936
35,400,4,0.0193212498232098,0.0411517384085168,0.021830488585307,0.3488372093023256,0.5582532868371353,47.176234618095094,70.86450797826048,62.97094378489728,-0.042985871662632257,1.9767441860465116,0.5,0.285,22,5,0.8148148148148148,0.2558139534883721,0.05813953488372093
35,400,5,0.0031700492394829,0.0092277410778223,0.0060576918383393,0.5555555555555556,0.5582532868371353,49.25158819874134,79.86029132166566,69.29642465228196,-0.008353085353792625,2.7222222222222223,0.469,0.26,33,8,0.8048780487804879,0.3055555555555556,0.07407407407407407
35,600,4,0.005759946954687,0.0655777194068719,0.0598177724521848,0.5609756097560976,0.6129685971120239,17.82833020637898,107.71296360428884,82.18247199954517,-0.1297230584248544,2.097560975609756,0.211,0.17,8,0,1.0,0.0975609756097561,0.0
35,600,5,0.0088373793235629,0.0230401150533449,0.0142027357297819,1.0,0.6129685971120239,-0.19070779787401548,115.41450986341363,84.67301450367549,-0.022887756013918965,4.027777777777778,0.18,0.214,17,0,1.0,0.1574074074074074,0.0
36,400,4,0.0028112323536977,0.010322029255717,0.0075107969020192,0.2619047619047619,0.5946431792584232,5.884670884670904,74.17062171135565,52.91985791985789,0.01785190935297804,2.3333333333333335,0.459,0.233,27,7,0.7941176470588235,0.32142857142857145,0.08333333333333333
36,400,5,0.0084616710990221,0.0023082345807952,-0.0061534365182269,0.6046511627906976,0.5946431792584232,12.51422357017148,83.39124768803137,59.29705400529093,-0.07360522860612075,3.2325581395348837,0.457,0.246,33,8,0.8048780487804879,0.2558139534883721,0.06201550387596899
36,600,4,0.0026656871135541,0.0037365677692008,0.0010708806556466,0.29545454545454547,0.5591987455991084,-28.781521508794278,102.52382756059538,80.70115490570034,-0.043398693292828146,3.022727272727273,0.334,0.157,23,3,0.8846153846153846,0.26136363636363635,0.03409090909090909
36,600,5,0.0051166100846685,0.06321685034227,0.0581002402576015,0.9285714285714286,0.5591987455991084,-18.380150608553794,137.5899082000941,103.68087192040068,-0.026777864029467066,4.023809523809524,0.279,0.138,32,0,1.0,0.25396825396825395,0.0
37,400,4,0.0074354147260077,0.0513594454245844,0.0439240306985767,0.24444444444444444,0.5909850887948204,29.630795130795075,73.15832740230071,56.53885003885002,-0.007751824352067378,2.1555555555555554,0.555,0.362,24,10,0.7058823529411765,0.26666666666666666,0.1111111111111111
37,400,5,0.0030858593266548,0.0209757834981522,0.0178899241714973,0.5217391304347826,0.5909850887948204,43.21413974711838,82.34186439177806,68.51650611510051,-0.006537197233402927,3.1956521739130435,0.514,0.305,29,22,0.5686274509803921,0.21014492753623187,0.15942028985507245
37,600,4,0.0071224533416901,0.0552224134078188,0.0480999600661287,0.3958333333333333,0.5834639729984615,10.894886363636342,87.02129698159577,66.0631555944056,-0.004907626485682659,3.0833333333333335,0.332,0.167,24,3,0.8888888888888888,0.25,0.03125
37,600,5,0.0009632936647336,0.0489523147849502,0.0479890211202165,0.6041666666666666,0.5834639729984615,26.97443181818183,101.83972140963257,82.25278389259086,0.017165817010439215,5.25,0.241,0.131,33,0,1.0,0.22916666666666666,0.0
38,400,4,0.0052239228155659,0.0012086377960945,-0.0040152850194713,0.3333333333333333,0.5514168281670215,59.056499056499014,97.81303730964409,78.78815628815622,-0.004152763045750381,2.8333333333333335,0.573,0.384,14,17,0.45161290322580644,0.16666666666666666,0.20238095238095238
38,400,5,0.0022742085771141,0.0283695050303762,0.0260952964532621,0.5952380952380952,0.5514168281670215,70.41668791505182,114.29735209220985,92.0913014777544,0.07535773404912363,3.9761904761904763,0.578,0.388,26,21,0.5531914893617021,0.20634920634920634,0.16666666666666666
38,600,4,0.0057457370752705,0.0209057918790603,0.0151600548037897,0.5111111111111111,0.5242706432729296,51.489121989122026,151.93519776891145,113.13221963221969,-0.08602668913128644,3.066666666666667,0.43,0.206,28,1,0.9655172413793104,0.3111111111111111,0.011111111111111112
38,600,5,0.0028139258544219,0.0255108066182091,0.0226968807637871,0.9111111111111111,0.5242706432729296,7.356391136495828,156.89200897186447,119.80219736633349,0.0008686000189835724,4.933333333333334,0.365,0.182,36,3,0.9230769230769231,0.26666666666666666,0.022222222222222223
39,400,4,0.0033233728877,0.1216999429462629,0.1183765700585629,0.4888888888888889,0.5738336666541501,17.24980574980574,108.28370997663309,77.98743848743854,-0.1117991849548278,2.6444444444444444,0.49,0.275,26,9,0.7428571428571429,0.28888888888888886,0.1
39,400,5,0.0099001268974554,0.0460534607075084,0.036153333810053,0.8461538461538461,0.5738336666541501,9.67999823039092,139.8690053371556,99.17048810700638,-0.10210791102243835,3.4871794871794872,0.418,0.217,54,7,0.8852459016393442,0.46153846153846156,0.05982905982905983
39,600,4,0.0073543252969845,0.2518924226934895,0.244538097396505,0.8222222222222222,0.5713164420535293,-70.32867132867133,121.3849314986604,112.7358197358198,-0.2763014949153831,3.0,0.196,0.201,14,0,1.0,0.15555555555555556,0.0
39,600,5,0.0073362812330517,0.0540891786536912,0.0467528974206394,1.1481481481481481,0.5713164420535293,-77.7555220618048,167.63299198037274,144.30811165758809,-0.2761007388653333,5.111111111111111,0.25,0.127,18,0,1.0,0.2222222222222222,0.0
40,400,4,0.002346843435375,0.0245301224924565,0.0221832790570815,0.17391304347826086,0.5743709322229412,37.63327252457688,52.29376240413442,50.2802270193575,-0.05022805656231486,2.152173913043478,0.363,0.175,22,2,0.9166666666666666,0.2391304347826087,0.021739130434782608
40,400,5,0.0009856582915551,0.0055506237212967,0.0045649654297416,0.30434782608695654,0.5743709322229412,32.65254769985309,55.99438602647643,52.02783224344521,-0.10747294128274987,2.717391304347826,0.377,0.195,34,5,0.8717948717948718,0.2463768115942029,0.036231884057971016
40,600,4,0.0111399701363928,0.0682066248710505,0.0570666547346576,0.5625,0.584130421083413,30.5255681818182,83.92580204010338,69.34816919191927,-0.06139593271169368,2.4375,0.137,0.293,8,0,1.0,0.08333333333333333,0.0
40,600,5,0.0022002249572978,0.0465247390713807,0.0443245141140828,0.6739130434782609,0.584130421083413,8.26535759369245,96.3467621116625,71.8336506425512,-0.06965460501994464,4.413043478260869,0.136,0.299,11,0,1.0,0.07971014492753623,0.0
41,400,4,0.0044619700808889,0.0269928681030138,0.0225308980221248,0.2222222222222222,0.5735528939018693,25.135845635845644,63.49643015135088,43.51579901579901,-0.006392934943372906,2.1333333333333333,0.436,0.219,25,4,0.8620689655172413,0.2777777777777778,0.044444444444444446
41,400,5,0.0003312479155576,0.0015019140116944,0.0011706660961368,0.4772727272727273,0.5735528939018693,14.97409242352125,64.79946902682204,49.67282895590843,-0.07089005255726714,2.7954545454545454,0.365,0.198,28,8,0.7777777777777778,0.21212121212121213,0.06060606060606061
41,600,4,0.0154795412974948,0.0557719354425015,0.0402923941450067,0.4523809523809524,0.5645572758478136,-3.107170607170555,74.77360643193151,57.57742257742256,-0.10047697873216484,2.8095238095238093,0.203,0.204,8,1,0.8888888888888888,0.09523809523809523,0.011904761904761904
41,600,5,0.002121805339781,0.0481474263144493,0.0460256209746683,0.5813953488372093,0.5645572758478136,-19.051732010227667,88.4753011044776,68.64064592718854,-0.09185807083046545,3.511627906976744,0.145,0.27,15,0,1.0,0.11627906976744186,0.0
42,400,4,0.0012086377960945,0.0621885467993412,0.0609799090032466,0.35714285714285715,0.610668335851082,23.748473748473756,67.751613317689,51.466033966033955,-0.14033356048387124,2.2142857142857144,0.447,0.231,24,7,0.7741935483870968,0.2857142857142857,0.08333333333333333
42,400,5,0.0066559946650301,0.0237354344104194,0.0170794397453892,0.7073170731707317,0.610668335851082,23.946320567441777,86.99166403293657,65.26260723697192,-0.12265133700985836,2.731707317073171,0.436,0.212,39,6,0.8666666666666667,0.3170731707317073,0.04878048780487805
42,600,4,0.0031331617204676,0.0311624546976232,0.0280292929771556,0.6666666666666666,0.5717869508322395,-18.317663817663853,114.18569918867685,91.79111629111635,-0.18755702696670767,2.2222222222222223,0.218,0.177,17,0,1.0,0.18888888888888888,0.0
42,600,5,0.0008284244782674,0.0050475989006761,0.0042191744224087,1.0454545454545454,0.5717869508322395,-19.492172288087964,125.45450290188978,90.7614542317511,-0.11726174666693931,3.8863636363636362,0.185,0.209,27,2,0.9310344827586207,0.20454545454545456,0.015151515151515152
43,400,4,0.0150424920015926,0.0407322443681437,0.025689752366551,0.5277777777777778,0.6187559611058167,-63.254014504014535,118.70876255320891,105.12205387205385,0.0658789062571593,3.0,0.584,0.397,16,18,0.47058823529411764,0.2222222222222222,0.25
43,400,5,0.0021903306541868,0.0342286088435382,0.0320382781893514,1.0,0.6187559611058167,-5.393869081101329,162.84416511775984,120.54601524526555,0.04993692221218681,4.242424242424242,0.589,0.414,17,21,0.4473684210526316,0.1717171717171717,0.21212121212121213
43,600,4,0.0073981542727018,0.0271921786591431,0.0197940243864412,1.024390243902439,0.6053068113641511,-136.97595087838994,203.37215129345563,198.47234066746262,0.17480580187590775,3.682926829268293,0.566,0.382,16,15,0.5161290322580645,0.1951219512195122,0.18292682926829268
43,600,5,0.0052544648499327,0.0032155564069533,-0.0020389084429793,0.95,0.6053068113641511,-83.37067914088531,200.85807454435232,178.4254149809614,-0.03465735902799727,4.5,0.505,0.297,24,8,0.75,0.2,0.06666666666666667
44,400,4,0.0109980576817757,0.0097271873849628,-0.0012708702968129,0.36585365853658536,0.5502426896128992,-7.353459548581472,64.72080577320472,45.01790892034799,-0.18607648773867114,1.6341463414634145,0.35,0.169,26,3,0.896551724137931,0.3170731707317073,0.036585365853658534
44,400,5,7.85993722051126e-05,0.0044877129978194,0.0044091136256143,0.8717948717948718,0.5502426896128992,-5.548205067184076,88.75819306656396,66.51796610893471,-0.19567678212432243,3.4871794871794872,0.434,0.226,34,8,0.8095238095238095,0.2905982905982906,0.06837606837606838
44,600,4,0.0073888769666582,0.0225012504060795,0.0151123734394212,0.574468085106383,0.5674137351679002,-90.13837226603188,90.88682955497637,99.43064028170414,-0.19552864694312605,2.2127659574468086,0.171,0.225,17,0,1.0,0.18085106382978725,0.0
44,600,5,0.0011469659409885,0.0838241690951191,0.0826772031541306,0.8888888888888888,0.5674137351679002,-91.1860952456502,124.84753536064545,120.02654159394991,-0.15214493971559456,3.6666666666666665,0.341,0.172,19,3,0.8636363636363636,0.14074074074074075,0.022222222222222223
45,400,4,0.0124280921629561,0.0084752333566618,-0.0039528588062942,0.29545454545454547,0.5534390590480235,7.424242424242453,52.50315123009694,41.44204280567923,-0.12999076119093356,1.8636363636363635,0.477,0.263,28,9,0.7567567567567568,0.3181818181818182,0.10227272727272728
45,400,5,0.0016580710885398,0.0661237375992299,0.06446566651069,0.6136363636363636,0.5534390590480235,15.520815304400516,67.20453493021564,47.4156651594479,-0.05617903748871016,2.272727272727273,0.423,0.227,40,12,0.7692307692307693,0.30303030303030304,0.09090909090909091
45,600,4,0.0037881769571214,0.0112283958949246,0.0074402189378032,0.5121951219512195,0.5627533928819228,-7.066064017283522,91.8570910634804,67.35743930865888,-0.005525171928305596,2.073170731707317,0.248,0.12,19,0,1.0,0.23170731707317074,0.0
45,600,5,0.0041127763108976,0.020681057949129,0.0165682816382313,0.7674418604651163,0.5627533928819228,-29.750727781897847,105.99136679789571,81.2038287415738,-0.066611947844806,3.744186046511628,0.215,0.173,26,0,1.0,0.20155038759689922,0.0
46,400,4,0.0040367215301372,0.1200852844686445,0.1160485629385073,0.3023255813953488,0.5814482097175027,16.61205073995772,103.24266532225035,77.5880902043693,-0.1841120481334255,2.697674418604651,0.534,0.32,20,7,0.7407407407407407,0.23255813953488372,0.08139534883720931
46,400,5,0.0020782749654109,0.0627770085829985,0.0606987336175876,0.6842105263157895,0.5814482097175027,42.10219444374862,128.18069581077998,90.3354762143341,-0.14489711693750795,4.2894736842105265,0.566,0.372,21,28,0.42857142857142855,0.18421052631578946,0.24561403508771928
46,600,4,0.0129784424861094,0.0194289038227863,0.0064504613366769,0.425531914893617,0.6188130017536262,-41.27808361850918,131.80290372950455,109.08966919605214,-0.11075275257210143,3.234042553191489,0.461,0.256,15,10,0.6,0.1595744680851064,0.10638297872340426
46,600,5,0.0035091484752376,0.0214153718797173,0.0179062234044796,0.9130434782608695,0.6188130017536262,-18.492494516068934,161.95983263711747,120.78656255820209,-0.19788344309491665,4.8478260869565215,0.47,0.25,41,7,0.8541666666666666,0.2971014492753623,0.050724637681159424
47,400,4,0.0018927265948235,0.0073981542727018,0.0055054276778783,0.3902439024390244,0.6098632356323733,30.43549945988971,95.86063906685663,55.448575814429525,-0.09016548690210668,1.9268292682926829,0.467,0.258,24,10,0.7058823529411765,0.2926829268292683,0.12195121951219512
47,400,5,0.0033680893290014,0.0019345064284009,-0.0014335829006004,0.7380952380952381,0.6098632356323733,32.395550021531704,83.66302272603885,65.32771384374792,-0.09902102579427789,2.4047619047619047,0.432,0.229,44,13,0.7719298245614035,0.3492063492063492,0.10317460317460317
47,600,4,0.009085681431345,0.0353456450414447,0.0262599636100997,0.4888888888888889,0.5640222345334237,29.68285418285415,87.67090299331295,68.61758611758616,-0.16314342055186076,2.2888888888888888,0.194,0.195,16,1,0.9411764705882353,0.17777777777777778,0.011111111111111112
47,600,5,0.0018189164337124,0.061979059787074,0.0601601433533616,1.0,0.5640222345334237,0.7240227867681497,112.55715881689333,81.96274839362209,-0.20909071710656954,3.925,0.208,0.177,20,1,0.9523809523809523,0.16666666666666666,0.008333333333333333
48,400,4,0.0021566828428242,0.0243906982241584,0.0222340153813341,0.22916666666666666,0.5852955498605072,31.70454545454542,55.73659061017225,50.13840326340324,-0.07465664455116895,2.1041666666666665,0.498,0.277,33,3,0.9166666666666666,0.34375,0.03125
48,400,5,0.0019325620632358,0.0032634146066528,0.0013308525434169,0.3617021276595745,0.5852955498605072,45.98101081551845,62.533827451351094,59.62686841119223,-0.036037892564800056,2.617021276595745,0.457,0.253,36,14,0.72,0.2553191489361702,0.09929078014184398
48,600,4,0.0047785523328623,0.0646294424310536,0.0598508900981912,0.3333333333333333,0.5663997153391603,11.562499999999993,91.00418624494093,69.72367909867909,-0.05176888853725001,2.8125,0.246,0.15,15,1,0.9375,0.15625,0.010416666666666666
48,600,5,0.0003424880450371,0.0162296047408039,0.0158871166957668,0.574468085106383,0.5663997153391603,8.333177210446916,94.43431642955666,74.59275978004398,0.010157140983427865,4.468085106382978,0.171,0.229,36,0,1.0,0.2553191489361702,0.0
49,400,4,0.0088373195093156,0.0284971709448859,0.0196598514355702,0.3023255813953488,0.5796561213343236,18.81173090475419,62.091235680893426,46.350897164850636,-0.09671821124092259,1.6744186046511629,0.43,0.214,32,10,0.7619047619047619,0.37209302325581395,0.11627906976744186
49,400,5,0.0037459337975219,0.0023741834835072,-0.0013717503140147,0.4883720930232558,0.5796561213343236,7.370687269627947,64.657360239037,44.64169885879367,-0.11497105346526731,2.6511627906976742,0.424,0.228,34,11,0.7555555555555555,0.26356589147286824,0.08527131782945736
49,600,4,0.0227829985375175,0.0496510946094344,0.0268680960719168,0.3958333333333333,0.567425420317288,-43.94886363636364,72.65637493096514,64.66807498057497,-0.09990410940946841,2.2916666666666665,0.245,0.138,20,0,1.0,0.20833333333333334,0.0
49,600,5,0.0039716405552272,0.0207209115435322,0.016749270988305,0.7674418604651163,0.567425420317288,-58.62579972991818,90.85141047949739,84.00301489877467,-0.06858751804010131,3.3255813953488373,0.163,0.238,22,0,1.0,0.17054263565891473,0.0
50,400,4,0.0236449418061986,0.017219095307028,-0.0064258464991706,0.7272727272727273,0.5736240937604073,9.04817404817406,145.78010287704814,103.98883944338492,0.07001486672322679,2.787878787878788,0.478,0.259,21,8,0.7241379310344828,0.3181818181818182,0.12121212121212122
50,400,5,0.0063024858996859,0.0243760496679453,0.0180735637682594,1.3103448275862069,0.5736240937604073,11.069400449703762,178.37329814859737,120.02166456038995,0.08365569420551068,4.103448275862069,0.5,0.286,13,11,0.5416666666666666,0.14942528735632185,0.12643678160919541
50,600,4,0.0088774810479977,0.1090737813817338,0.100196300333736,0.8837209302325582,0.5924282586408103,-77.78744511302655,173.48223177893252,144.08711443595175,0.14781645722548584,2.9302325581395348,0.476,0.263,14,13,0.5185185185185185,0.16279069767441862,0.1511627906976744
50,600,5,0.0093190574340046,0.0257290408934215,0.0164099834594169,1.135135135135135,0.5924282586408103,-97.20458083023527,185.6225483463704,166.33228063856333,0.11010631256653983,4.45945945945946,0.42,0.219,19,11,0.6333333333333333,0.17117117117117117,0.0990990990990991
51,400,4,0.004523964583501,0.0841629346867306,0.0796389701032296,0.475,0.5577682886888549,-27.357954545454525,76.35968016658659,62.39932983682993,-0.03901776022603516,2.5,0.375,0.164,22,5,0.8148148148148148,0.275,0.0625
51,400,5,0.0102249431763988,0.0465500154197643,0.0363250722433654,0.8648648648648649,0.5577682886888549,-14.07970946910744,110.41057857653963,81.02646583994759,-0.08200575119248797,2.972972972972973,0.32,0.158,32,4,0.8888888888888888,0.2882882882882883,0.036036036036036036
51,600,4,0.0127282215230417,0.0883258990802418,0.0755976775572,0.5428571428571428,0.5896756928731804,-53.58491508491511,104.62695634433277,91.43173493173495,0.10736957103936073,3.142857142857143,0.223,0.155,10,0,1.0,0.14285714285714285,0.0
51,600,5,0.0018734334385014,0.0499100307063974,0.048036597267896,0.9393939393939394,0.5896756928731804,-72.75250421877026,144.60082308191647,124.97722044336746,-0.01724577761539351,3.787878787878788,0.358,0.184,14,3,0.8235294117647058,0.1414141414141414,0.030303030303030304
52,400,4,0.0290494055453314,0.0353069620796705,0.0062575565343391,0.44,0.6193520448951572,11.425641025641028,92.08196026816461,66.72121212121216,-0.11788019080645185,2.12,0.422,0.216,15,3,0.8333333333333334,0.3,0.06
52,400,5,0.0130060054612362,0.0158794040836399,0.0028733986224037,1.125,0.6193520448951572,14.450271076273182,138.21825485553177,101.42152360483102,-0.0690704243006554,3.65625,0.505,0.314,29,7,0.8055555555555556,0.3020833333333333,0.07291666666666667
52,600,4,0.011211293838387,0.0901247740013372,0.0789134801629501,1.0,0.5909313003138617,-29.86790986790982,157.0826449803016,122.46503496503495,-0.18310204811135158,3.388888888888889,0.283,0.12,5,0,1.0,0.1388888888888889,0.0
52,600,5,0.0094253788609628,0.0245396321237103,0.0151142532627475,0.9629629629629629,0.5909313003138617,-29.537499779646307,164.4754258894296,119.40028557829609,-0.1394980361309726,4.666666666666667,0.264,0.12,22,0,1.0,0.2716049382716049,0.0
53,400,4,0.0010385377447584,0.0043600277078671,0.0033214899631086,0.30434782608695654,0.5509907265105096,10.94228235532582,46.866268782356045,36.39100030404376,-0.07790258561861106,1.5869565217391304,0.417,0.224,19,11,0.6333333333333333,0.20652173913043478,0.11956521739130435
53,400,5,0.0033168221170152,0.0016596310404576,-0.0016571910765575,0.3191489361702128,0.5509907265105096,9.226058766342323,49.968930647877826,38.00622423972372,-0.06455771902387351,2.3617021276595747,0.443,0.243,44,18,0.7096774193548387,0.3120567375886525,0.1276595744680851
53,600,4,0.0038996063976443,0.0402711810726682,0.0363715746750239,0.4782608695652174,0.5712554847215292,-27.556881524272846,69.39287015128808,57.191522245870104,-0.10690646300949969,2.0434782608695654,0.153,0.264,8,1,0.8888888888888888,0.08695652173913043,0.010869565217391304
53,600,5,0.0001391667274251,0.0554286538417007,0.0552894871142755,0.625,0.5712554847215292,-32.22656249999997,81.96010026406249,66.17652928169126,-0.15530666561175002,3.2916666666666665,0.135,0.299,18,0,1.0,0.125,0.0
54,400,4,0.0021264441433161,0.0135951775741828,0.0114687334308666,0.3617021276595745,0.5468059125124534,20.686653771760138,69.83741655293386,55.02479789713835,-0.172153917396996,2.0638297872340425,0.395,0.186,31,5,0.8611111111111112,0.32978723404255317,0.05319148936170213
54,400,5,0.0003312479155576,0.0035924018733447,0.0032611539577871,0.5681818181818182,0.5468059125124534,25.987807483449433,81.84196852466775,58.230043323525564,-0.14981076663656043,2.477272727272727,0.314,0.163,47,6,0.8867924528301887,0.3560606060606061,0.045454545454545456
54,600,4,0.0045401112851651,0.1124897524528327,0.1079496411676675,0.7608695652173914,0.5729915937862553,-31.765480895915687,100.99367562223406,83.63560352690793,-0.22252918899687,2.369565217391304,0.203,0.191,26,0,1.0,0.2826086956521739,0.0
54,600,5,0.0110521588844824,0.0429047490280727,0.0318525901435903,0.6904761904761905,0.5729915937862553,-41.74611437864052,112.24055661195898,94.27836942725686,-0.0969984182133803,3.238095238095238,0.165,0.242,27,0,1.0,0.21428571428571427,0.0
55,400,4,0.019726610029399,0.1265391008706212,0.1068124908412222,0.2682926829268293,0.5972861160279582,36.12868838478589,76.00397764149244,60.758854966172,-0.11972349454109142,2.268292682926829,0.439,0.219,23,4,0.8518518518518519,0.2804878048780488,0.04878048780487805
55,400,5,0.0090125703959063,0.064367100137592,0.0553545297416857,0.5609756097560976,0.5972861160279582,39.84083508433847,90.52286480895533,69.92753886070511,-0.1089358456776923,2.902439024390244,0.464,0.254,19,12,0.6129032258064516,0.15447154471544716,0.0975609756097561
55,600,4,0.010095237557203,0.0724634423932798,0.0623682048360767,0.6666666666666666,0.5811952408130125,-3.5414798876337987,108.47511598535566,82.37986372601763,-0.1466562433948994,2.2564102564102564,0.124,0.324,2,0,1.0,0.02564102564102564,0.0
55,600,5,0.0033189047224311,0.0858680197972908,0.0825491150748597,1.1363636363636365,0.5811952408130125,-9.387690115096719,123.82644620107155,96.00660264592621,-0.10834274421640723,4.159090909090909,0.181,0.232,21,0,1.0,0.1590909090909091,0.0
56,400,4,0.002346843435375,0.0175041220839426,0.0151572786485676,0.4782608695652174,0.5455163313272586,7.466301814127926,72.51907246400583,55.22017837235226,-0.09287280669325948,1.6956521739130435,0.429,0.229,34,5,0.8717948717948718,0.3695652173913043,0.05434782608695652
56,400,5,0.0127862159706438,0.0498570144972312,0.0370707985265873,0.55,0.5455163313272586,33.28670127320324,113.08644630566151,80.71668996906234,-0.10511864002257776,3.6,0.545,0.345,26,25,0.5098039215686274,0.21666666666666667,0.20833333333333334
56,600,4,0.0049266389950769,0.1109775381779075,0.1060508991828306,0.574468085106383,0.5894161447616787,-33.78949065119279,106.1055190705803,84.14707632792741,-0.2239154205597404,2.9148936170212765,0.287,0.143,17,2,0.8947368421052632,0.18085106382978725,0.02127659574468085
56,600,5,0.0020312205619709,0.1063734667224373,0.1043422461604663,0.8863636363636364,0.5894161447616787,-27.825771548180555,104.46930579655807,83.65428664921465,-0.20761249696661926,4.0,0.278,0.138,37,0,1.0,0.2803030303030303,0.0
57,400,4,0.0151889886308338,0.0602343413586392,0.0450453527278054,0.34782608695652173,0.5578081579283961,31.621693523867386,79.60717094125538,61.04527718658157,-0.00625395809677785,2.0869565217391304,0.42,0.218,26,5,0.8387096774193549,0.2826086956521739,0.05434782608695652
57,400,5,0.00806188309616,0.014495310898357,0.006433427802197,0.6170212765957447,0.5578081579283961,42.01242189636143,105.59558034017037,81.29591911653013,-0.06636515558552669,3.3191489361702127,0.414,0.224,42,11,0.7924528301886793,0.2978723404255319,0.07801418439716312
57,600,4,0.0014924471307607,0.0234648700854378,0.021972422954677,0.6136363636363636,0.5520874293119208,-25.57387688069508,103.525206459231,79.08415448188178,-0.01050223000848402,2.6363636363636362,0.311,0.139,24,1,0.96,0.2727272727272727,0.011363636363636364
57,600,5,0.0015234409096845,0.0603416118977848,0.0588181709881002,0.7555555555555555,0.5520874293119208,-13.994790840340569,122.35398521945541,95.16490824475119,-0.08675632284814612,4.133333333333334,0.267,0.17,42,3,0.9333333333333333,0.3111111111111111,0.022222222222222223
58,400,4,0.0010385377447584,0.048591355743998,0.0475528179992396,0.34782608695652173,0.5771274175904163,72.59273335360291,91.29946965916955,89.84949832775912,-0.05401970977799999,2.782608695652174,0.575,0.381,18,22,0.45,0.1956521739130435,0.2391304347826087
58,400,5,0.0121357143199511,0.0037434249256067,-0.0083922893943444,0.723404255319149,0.5771274175904163,75.45249475933447,115.96789789428165,101.44803133259751,-0.05718381284770389,3.851063829787234,0.524,0.319,38,22,0.6333333333333333,0.2695035460992908,0.15602836879432624
58,600,4,0.0091849922076384,0.0500209985857096,0.0408360063780711,0.6222222222222222,0.5855615016587091,43.34952084952086,113.01274083738467,91.99080549080554,-0.03855836571028717,2.466666666666667,0.284,0.143,19,0,1.0,0.2111111111111111,0.0
58,600,5,0.0019325620632358,0.0189778729871895,0.0170453109239536,0.8936170212765957,0.5855615016587091,26.409327625143053,128.58458585855328,96.38194704649257,0.03491793438963802,4.0212765957446805,0.343,0.165,33,3,0.9166666666666666,0.23404255319148937,0.02127659574468085
59,400,4,0.009537190775447,0.0170145007039773,0.0074773099285303,0.25,0.5716987954865337,-56.11078736078739,64.90947100880035,67.37114737114742,-0.15088642833192492,2.0833333333333335,0.402,0.2,20,7,0.7407407407407407,0.2777777777777778,0.09722222222222222
59,400,5,0.0049630276885069,0.0771270050484214,0.0721639773599144,0.8611111111111112,0.5716987954865337,-43.33816734094874,91.52854407869742,78.79469597810564,-0.11207907122521424,3.0277777777777777,0.328,0.165,23,5,0.8214285714285714,0.21296296296296297,0.046296296296296294
59,600,4,0.0008911545851268,0.0141369262906345,0.0132457717055076,0.6222222222222222,0.5785851504868584,-108.77428127428128,103.88758156181923,125.51295001295,-0.1631434205518608,2.688888888888889,0.226,0.156,9,0,1.0,0.1,0.0
59,600,5,0.0039714445077335,0.0470512833927329,0.0430798388849993,0.9333333333333333,0.5785851504868584,-138.67008435136705,118.11980218474565,149.83241445872332,-0.2387506955262034,3.911111111111111,0.165,0.257,19,0,1.0,0.14074074074074075,0.0
60,400,4,0.0122149812774265,0.0254832769976967,0.0132682957202701,0.8,0.6456977604175692,26.71357808857805,186.92490366422487,144.22231934731937,-0.08369882167858357,3.55,0.603,0.428,9,6,0.6,0.225,0.15
60,400,5,0.038497217069512,0.0380935043071443,-0.0004037127623677,1.368421052631579,0.6456977604175692,-65.78692164132369,220.07032349013912,175.84034231819425,-0.0024138167128125386,4.2105263157894735,0.579,0.429,4,10,0.2857142857142857,0.07017543859649122,0.17543859649122806
60,600,4,0.0255638393573596,0.0295788636094099,0.0040150242520503,0.9473684210526315,0.5693553867800377,-105.97595387069072,219.85655351698875,192.7597840755736,0.05186032969146551,4.052631578947368,0.489,0.267,5,3,0.625,0.13157894736842105,0.07894736842105263
60,600,5,0.0181256094838603,0.1086333305703612,0.0905077210865009,1.6521739130434783,0.5693553867800377,-148.1363946774827,227.0615406454622,220.8138981437411,0.06596114769830554,5.260869565217392,0.425,0.228,8,5,0.6153846153846154,0.11594202898550725,0.07246376811594203
61,400,4,0.0109774552070309,0.0523284582201584,0.0413510030131274,0.19047619047619047,0.5918011552827549,-0.9591797091797236,66.6799516033975,50.20826395826394,-0.055011680996821063,2.7142857142857144,0.521,0.305,23,10,0.696969696969697,0.27380952380952384,0.11904761904761904
61,400,5,0.0110156037347597,0.0260797636369434,0.0150641599021836,0.627906976744186,0.5918011552827549,25.459180567393172,87.43890010809574,65.72949758143962,1.0327656043024712e-17,2.7906976744186047,0.502,0.287,43,15,0.7413793103448276,0.3333333333333333,0.11627906976744186
61,600,4,0.0060059453952576,0.0158298917218673,0.0098239463266096,0.43902439024390244,0.6210275154071229,-20.323071237705406,105.06820811073011,83.48612769344481,0.06486152921242722,2.8292682926829267,0.425,0.209,25,3,0.8928571428571429,0.3048780487804878,0.036585365853658534
61,600,5,0.0061918881508107,0.0926197005536548,0.0864278124028441,0.5384615384615384,0.6210275154071229,-48.32747531700407,114.31014245638443,98.61717253078506,0.038900164027205836,4.153846153846154,0.317,0.182,43,1,0.9772727272727273,0.36752136752136755,0.008547008547008548
62,400,4,0.0012537929535074,0.020542918173385,0.0192891252198775,0.1875,0.5510854991903307,-16.477272727272734,47.00982323807634,37.53933566433561,-0.06139593271169368,1.6875,0.399,0.199,31,3,0.9117647058823529,0.3229166666666667,0.03125
62,400,5,0.0059684156480409,0.0184141795179433,0.0124457638699023,0.5416666666666666,0.5510854991903307,-18.256392045454543,49.52156565971721,40.96793565564021,-0.08310383430342239,2.7291666666666665,0.34,0.183,27,5,0.84375,0.1875,0.034722222222222224
62,600,4,0.002346843435375,0.0790946045112033,0.0767477610758282,0.5652173913043478,0.5584781843442705,-50.957484544441115,74.61311162226012,71.90382081686437,-0.314072647355537,2.3260869565217392,0.12,0.32,12,0,1.0,0.13043478260869565,0.0
62,600,5,0.0004214774419586,0.0184141795179433,0.0179927020759846,0.5416666666666666,0.5584781843442705,-53.09659090909094,66.24470624507174,67.94733162779632,-0.10122512042934988,3.3333333333333335,0.116,0.319,16,0,1.0,0.1111111111111111,0.0
63,400,4,0.0220228465393625,0.1842276514638514,0.1622048049244888,0.5,0.6087595746316611,19.519903173749235,150.91394983874042,107.23910704679939,-0.16230896564426622,2.9615384615384617,0.585,0.413,6,15,0.2857142857142857,0.11538461538461539,0.28846153846153844
63,400,5,0.0116649490880841,0.1533341898791382,0.1416692407910541,1.2105263157894737,0.6087595746316611,-20.087865427490623,185.8360856364493,144.350982614795,-0.21665306969267487,3.8157894736842106,0.569,0.372,48,26,0.6486486486486487,0.42105263157894735,0.22807017543859648
63,600,4,0.01763187741935,0.3398268958093943,0.3221950183900443,0.6428571428571429,0.6690757184028628,-79.30964868464864,163.3694177333274,143.41221278721284,-0.3945454610740124,3.0357142857142856,0.451,0.246,5,4,0.5555555555555556,0.08928571428571429,0.07142857142857142
63,600,5,0.0015467780043751,0.1383116512944855,0.1367648732901103,1.1794871794871795,0.6690757184028628,-72.90333357741737,192.36865639683367,159.95838367566117,-0.41531368482235476,4.102564102564102,0.384,0.225,17,7,0.7083333333333334,0.1452991452991453,0.05982905982905983
64,400,4,0.0128699306483953,0.0278741664677718,0.0150042358193764,0.34375,0.5982686336053801,-27.198244463869447,68.26368626384156,53.83832313519826,0.05231176354911473,2.0,0.361,0.186,15,7,0.6818181818181818,0.234375,0.109375
64,400,5,0.0206840855768736,0.090595747209624,0.0699116616327504,0.5806451612903226,0.5982686336053801,-38.11123927162179,90.72874531505505,70.76558205769909,0.030799072659426423,2.6129032258064515,0.41,0.195,21,4,0.84,0.22580645161290322,0.043010752688172046
64,600,4,0.0032155564069533,0.0490100415824988,0.0457944851755455,0.43333333333333335,0.5503993734809606,-108.2200854700854,119.04298751602182,132.76282051282047,-0.01162773652810106,2.7666666666666666,0.208,0.174,9,1,0.9,0.15,0.016666666666666666
64,600,5,0.0015820608503228,0.0063405429141887,0.0047584820638658,1.0,0.5503993734809606,-128.555400206251,136.8698392594645,150.9233202443281,0.006229144568625566,4.261904761904762,0.248,0.13,23,1,0.9583333333333334,0.18253968253968253,0.007936507936507936
65,400,4,0.0059598498155852,0.0431485606249535,0.0371887108093682,0.41025641025641024,0.6002968788518798,5.432729663498899,66.94361208497178,52.431713585559834,-0.12295890388857651,2.4871794871794872,0.29,0.142,16,0,1.0,0.20512820512820512,0.0
65,400,5,0.004763090934364,0.0162959173605518,0.0115328264261878,0.6052631578947368,0.6002968788518798,1.3061684285678543,83.70862091821303,59.22471911871533,-0.1961768407727369,2.5526315789473686,0.315,0.155,39,3,0.9285714285714286,0.34210526315789475,0.02631578947368421
65,600,4,0.0114494840302327,0.0385286917532851,0.0270792077230523,0.6341463414634146,0.534998346639137,-42.056967422821046,95.38888267394739,80.78060151230889,-0.10292763675002249,2.341463414634146,0.098,0.334,5,0,1.0,0.06097560975609756,0.0
65,600,5,0.0110695098160115,0.0192479345667737,0.0081784247507622,0.8918918918918919,0.534998346639137,-52.523556993452324,122.42218413708899,96.63879491104619,-0.08554121162332952,3.6486486486486487,0.263,0.118,12,0,1.0,0.10810810810810811,0.0
66,400,4,0.0359752240698366,0.0113984664538923,-0.0245767576159443,0.30303030303030304,0.5743415856349863,19.097266369993626,88.68241879816209,66.00762873490142,0.024573642915646326,1.9393939393939394,0.501,0.296,22,4,0.8461538461538461,0.3333333333333333,0.06060606060606061
66,400,5,0.0070608656720502,0.0001656239577788,-0.0068952417142713,0.6363636363636364,0.5743415856349863,36.257639760287354,126.40317875897485,88.15803351218041,-0.11131574503325124,3.8181818181818183,0.529,0.32,31,11,0.7380952380952381,0.23484848484848486,0.08333333333333333
66,600,4,0.0096687523940373,0.0134544641765023,0.003785711782465,0.7878787878787878,0.6066499754702807,-24.948611994066674,152.56145531027062,108.99925831744012,0.22246830075253743,3.212121212121212,0.389,0.193,7,2,0.7777777777777778,0.10606060606060606,0.030303030303030304
66,600,5,0.0075776221938589,0.0251330028750416,0.0175553806811826,0.975609756097561,0.6066499754702807,-23.70627807896356,155.29829955808145,116.35645337295821,-0.13955736580400335,4.853658536585366,0.405,0.212,27,1,0.9642857142857143,0.21951219512195122,0.008130081300813009
